{"type": "FeatureCollection", "features": [{"type": "Feature", "properties": {"municipality": "Hagonoy", "province": "Bulacan", "lat": 14.8355035, "lon": 120.7335206}, "geometry": {"type": "Polygon", "coordinates": [[[120.6767048, 14.6700123], [120.6892309, 14.6566946], [120.7129305, 14.631513], [120.730104, 14.6132253], [120.7405901, 14.6110952], [120.7536816, 14.6099818], [120.7591009, 14.7188137], [120.7650661, 14.7469952], [120.7678556, 14.7597151], [120.7683706, 14.7634292], [120.7682303, 14.7646813], [120.7679843, 14.765656], [120.7676463, 14.7665793], [120.7672547, 14.7673458], [120.7671162, 14.7678271], [120.7668497, 14.7682846], [120.766467, 14.7686789], [120.7661498, 14.768881], [120.7658386, 14.7689692], [120.7654407, 14.7689564], [120.7648784, 14.7688655], [120.7641703, 14.7686424], [120.7635856, 14.7684712], [120.7632154, 14.7682637], [120.762692, 14.7678416], [120.7620889, 14.7675842], [120.7617885, 14.7675272], [120.7614717, 14.7676429], [120.761311, 14.7679266], [120.7611862, 14.7683303], [120.7611072, 14.7695761], [120.761193, 14.7704372], [120.7613285, 14.771426], [120.7613701, 14.7722164], [120.7612817, 14.7729421], [120.7608873, 14.7739955], [120.7604045, 14.7748255], [120.7601577, 14.775256], [120.7600828, 14.7755471], [120.7601309, 14.7757228], [120.7602864, 14.7758475], [120.7604957, 14.7759562], [120.7607962, 14.7759564], [120.7613218, 14.7758992], [120.7616973, 14.7757384], [120.762095, 14.7755637], [120.7626575, 14.77523], [120.763371, 14.774675], [120.7636821, 14.7744624], [120.7638969, 14.7744055], [120.764063, 14.7744468], [120.7642589, 14.774622], [120.7644063, 14.7748773], [120.7644972, 14.7753059], [120.7645512, 14.7760288], [120.7645029, 14.7766565], [120.7644921, 14.777087], [120.7645605, 14.7774305], [120.7648945, 14.7779273], [120.7652754, 14.7783111], [120.7657545, 14.778648], [120.7660749, 14.7789762], [120.7668002, 14.7803466], [120.7672173, 14.7811484], [120.7674104, 14.781444], [120.7676196, 14.7815996], [120.7679654, 14.7817949], [120.768435, 14.7819886], [120.7689339, 14.7821131], [120.7693163, 14.7821866], [120.7695025, 14.7822791], [120.7696259, 14.7824192], [120.7696903, 14.78258], [120.7697171, 14.7827407], [120.7696766, 14.7829138], [120.7694542, 14.7833165], [120.7690358, 14.7838248], [120.7684511, 14.784385], [120.7680595, 14.7846599], [120.7678717, 14.7848336], [120.767802, 14.7849659], [120.7678078, 14.7850672], [120.7679039, 14.7851811], [120.7680702, 14.7852512], [120.768266, 14.7852767], [120.7687354, 14.7852071], [120.7691136, 14.7851059], [120.7694516, 14.7850463], [120.7697227, 14.7850431], [120.7699773, 14.7850852], [120.7712062, 14.785453], [120.771651, 14.7856998], [120.7719138, 14.7858788], [120.7723349, 14.7862003], [120.7726353, 14.7865038], [120.7735861, 14.7876548], [120.7740113, 14.7879976], [120.7742017, 14.7882102], [120.7743366, 14.7884111], [120.7744217, 14.7885785], [120.7744673, 14.7887367], [120.7744619, 14.7889312], [120.7744405, 14.7890608], [120.7744364, 14.7892653], [120.7744847, 14.7894302], [120.7742392, 14.7894059], [120.7738154, 14.7893813], [120.7736197, 14.7893435], [120.7733299, 14.7892879], [120.7731369, 14.789302], [120.7728954, 14.7893489], [120.7725817, 14.789455], [120.7724368, 14.7895408], [120.7723591, 14.7896158], [120.7723242, 14.7896936], [120.7722892, 14.7897871], [120.772292, 14.7898855], [120.7722947, 14.7899815], [120.7723563, 14.7901113], [120.7726084, 14.7905754], [120.7727373, 14.7907698], [120.7729572, 14.7910421], [120.7730591, 14.7912133], [120.7731448, 14.7914093], [120.7732415, 14.7917242], [120.773287, 14.7919202], [120.7733473, 14.7924375], [120.773377, 14.7925294], [120.7734239, 14.7925955], [120.7737176, 14.7927498], [120.7739805, 14.7928614], [120.7741238, 14.7929147], [120.7745022, 14.7930299], [120.7746844, 14.7930936], [120.7748871, 14.7932024], [120.7751109, 14.7934385], [120.7752249, 14.793576], [120.7752532, 14.7936536], [120.7752666, 14.7937807], [120.7752691, 14.7939027], [120.7752478, 14.7940089], [120.7752074, 14.794105], [120.7748321, 14.794831], [120.7747354, 14.7949738], [120.7744431, 14.7952409], [120.7743251, 14.79529], [120.7741508, 14.79536], [120.7739227, 14.7954743], [120.773668, 14.7956401], [120.7735929, 14.7956764], [120.7734828, 14.7956882], [120.7731262, 14.7957282], [120.7730188, 14.7957725], [120.7729223, 14.7958398], [120.7728632, 14.7959255], [120.7727076, 14.7962639], [120.7726327, 14.7963999], [120.7725763, 14.7964647], [120.7725011, 14.7965089], [120.7723939, 14.7965296], [120.7720237, 14.7965764], [120.7716483, 14.7966566], [120.7715088, 14.7967033], [120.7713933, 14.7966918], [120.7712406, 14.7966437], [120.7710876, 14.7965971], [120.7709347, 14.7966101], [120.7702668, 14.796872], [120.7699128, 14.7970017], [120.7698566, 14.797056], [120.769827, 14.7971444], [120.7698137, 14.7972401], [120.7697921, 14.7973907], [120.7697922, 14.7975383], [120.7698457, 14.7977161], [120.7695078, 14.7978499], [120.7688533, 14.798296], [120.7683598, 14.798908], [120.7679467, 14.7990957], [120.76759, 14.7986808], [120.7671088, 14.7983507], [120.7664018, 14.798297], [120.7656937, 14.7984941], [120.765478, 14.7985696], [120.7657419, 14.8000283], [120.7663642, 14.8008996], [120.7663106, 14.8016672], [120.7658868, 14.8021868], [120.7648622, 14.8023103], [120.762813, 14.8025592], [120.7620634, 14.8026308], [120.7613698, 14.802697], [120.7606084, 14.8027471], [120.7605908, 14.8038073], [120.7608884, 14.8059478], [120.7615993, 14.8060324], [120.7622712, 14.8061272], [120.7631765, 14.80639], [120.7658921, 14.8057602], [120.7666163, 14.8059768], [120.7672118, 14.8064435], [120.7679896, 14.8074704], [120.7685958, 14.8082432], [120.7693223, 14.809364], [120.7694478, 14.8095353], [120.7693844, 14.8097679], [120.7692593, 14.8100245], [120.768805, 14.8105886], [120.767877, 14.8114029], [120.7666861, 14.8121497], [120.7666087, 14.8121862], [120.7654201, 14.8127461], [120.7646261, 14.812973], [120.7637088, 14.81289], [120.7623141, 14.8128485], [120.7617133, 14.813113], [120.7613505, 14.8133576], [120.7610106, 14.8136453], [120.7614522, 14.814009], [120.7615685, 14.8141553], [120.7618099, 14.8142745], [120.7624723, 14.8149005], [120.7650554, 14.8173654], [120.7665145, 14.8187397], [120.7653129, 14.8197458], [120.7621957, 14.822804], [120.7622945, 14.8235903], [120.7623523, 14.8240501], [120.7610697, 14.8243405], [120.7609677, 14.8244417], [120.7608497, 14.8245324], [120.7604098, 14.8249732], [120.7596615, 14.8256396], [120.7592645, 14.8260674], [120.7583472, 14.8275972], [120.7581566, 14.8280482], [120.7580064, 14.8284734], [120.7579742, 14.8287379], [120.7579335, 14.8291595], [120.7578991, 14.8293602], [120.7577436, 14.8296247], [120.7575955, 14.8297247], [120.7573648, 14.8297922], [120.7568263, 14.8299358], [120.756534, 14.8300244], [120.7563827, 14.8300903], [120.7564442, 14.8302277], [120.756526, 14.8303612], [120.7565756, 14.8304183], [120.756636, 14.8304831], [120.7566856, 14.8305816], [120.7568398, 14.8310043], [120.7568613, 14.8311248], [120.7568707, 14.8312493], [120.7568747, 14.8313828], [120.7568787, 14.8314762], [120.7569002, 14.831528], [120.756931, 14.8315591], [120.7569619, 14.8315591], [120.7570048, 14.8315488], [120.7571027, 14.8315384], [120.7571536, 14.8315501], [120.7571831, 14.8315851], [120.7572059, 14.8316564], [120.7572167, 14.8317238], [120.7572301, 14.831773], [120.757277, 14.8318236], [120.7573159, 14.8318781], [120.757336, 14.8319299], [120.7573253, 14.8319792], [120.7573092, 14.8320686], [120.7573105, 14.8321684], [120.7573213, 14.832254], [120.7573467, 14.8322955], [120.7573897, 14.8323668], [120.7574084, 14.8324044], [120.7574165, 14.8324977], [120.7574192, 14.8325859], [120.7574192, 14.8326741], [120.7574218, 14.8328011], [120.7574353, 14.8328815], [120.7574648, 14.8329619], [120.7574862, 14.8330811], [120.7575318, 14.8332185], [120.7575855, 14.83333], [120.7576659, 14.8334078], [120.7577276, 14.8335219], [120.7577732, 14.8336282], [120.7579261, 14.8338927], [120.7579637, 14.8339731], [120.7579878, 14.8340379], [120.7580039, 14.834117], [120.7580025, 14.8342129], [120.7579878, 14.8343581], [120.7579771, 14.8344424], [120.7580119, 14.8344994], [120.7581192, 14.834594], [120.758252, 14.8346614], [120.7583351, 14.8347029], [120.7584062, 14.8347444], [120.7584974, 14.8348157], [120.7585457, 14.8348818], [120.7586168, 14.8349389], [120.7587348, 14.8350257], [120.7588153, 14.8350556], [120.758889, 14.8350672], [120.758999, 14.8350789], [120.7591251, 14.8351372], [120.7592002, 14.8352189], [120.7592364, 14.8352915], [120.7592538, 14.8353472], [120.7593007, 14.8353978], [120.7593611, 14.8354237], [120.7594013, 14.8354691], [120.7594335, 14.8355223], [120.7594724, 14.8355586], [120.7595757, 14.8355962], [120.7596669, 14.8356156], [120.7597849, 14.8356363], [120.7598278, 14.8356493], [120.7598642, 14.8356932], [120.7597855, 14.8357556], [120.7596539, 14.8359152], [120.7595299, 14.8361067], [120.7592799, 14.8364039], [120.7589152, 14.8369224], [120.7586738, 14.8371973], [120.7582285, 14.8375032], [120.7579313, 14.837818], [120.7578026, 14.8380928], [120.7579702, 14.8381447], [120.7581621, 14.8382836], [120.7582105, 14.8383314], [120.758461, 14.8382992], [120.7595455, 14.8382516], [120.7603304, 14.8382212], [120.7607258, 14.8382059], [120.761571, 14.8381685], [120.7625341, 14.83808], [120.7633214, 14.8379997], [120.7640929, 14.8379669], [120.7644845, 14.8409447], [120.7645733, 14.8416856], [120.7646628, 14.8424194], [120.7643044, 14.8425145], [120.7638335, 14.8424784], [120.7636888, 14.8424929], [120.7635192, 14.8425474], [120.7634333, 14.8425754], [120.7633185, 14.8426443], [120.7632436, 14.8427327], [120.7632066, 14.8428339], [120.7630758, 14.8434338], [120.76299, 14.8438513], [120.7628666, 14.8440924], [120.7625608, 14.844388], [120.762107, 14.8447836], [120.7617722, 14.8450932], [120.7616296, 14.8453021], [120.7616027, 14.8455147], [120.7613774, 14.8459192], [120.7612894, 14.8463584], [120.7612894, 14.8466125], [120.7613592, 14.8468821], [120.7615201, 14.8471569], [120.7617186, 14.8472969], [120.7618903, 14.8474162], [120.7620458, 14.8473955], [120.7622658, 14.8473955], [120.7623462, 14.8475666], [120.7623001, 14.8477755], [120.7620963, 14.8482111], [120.7619943, 14.8486], [120.7619568, 14.8490615], [120.7618098, 14.8494903], [120.7616296, 14.8497822], [120.7613506, 14.8500208], [120.7611628, 14.8501971], [120.760989, 14.8503096], [120.7608034, 14.850363], [120.760676, 14.8504217], [120.7606833, 14.8505222], [120.7603936, 14.8511651], [120.7603423, 14.851424], [120.760297, 14.8516525], [120.7602809, 14.8521192], [120.760458, 14.8524977], [120.7608034, 14.8529037], [120.7612573, 14.8533118], [120.7614237, 14.8534416], [120.7615174, 14.8534803], [120.761598, 14.8534572], [120.7616971, 14.8534155], [120.7618334, 14.8532667], [120.7619199, 14.8532368], [120.7620324, 14.8532315], [120.7620808, 14.8532835], [120.7625127, 14.8533872], [120.7627541, 14.8534235], [120.7629231, 14.8533742], [120.7632664, 14.8533198], [120.7636124, 14.8533924], [120.763723, 14.8534226], [120.7638967, 14.8547276], [120.7659137, 14.8553083], [120.7677363, 14.8560326], [120.7678984, 14.856033], [120.7680712, 14.8560759], [120.7683761, 14.8561849], [120.7689715, 14.8564089], [120.7692031, 14.8564866], [120.769316, 14.8565307], [120.7693998, 14.8565692], [120.7696257, 14.8566595], [120.7698697, 14.8567628], [120.770251, 14.8569147], [120.7703229, 14.8569339], [120.770391, 14.8569468], [120.7705464, 14.8569621], [120.7705969, 14.8569701], [120.7707672, 14.8570597], [120.771479, 14.8572883], [120.7722051, 14.8575401], [120.7724428, 14.8576155], [120.7726246, 14.8576739], [120.772697, 14.8577349], [120.7732871, 14.8579682], [120.7741857, 14.8581653], [120.7744512, 14.8580927], [120.7761744, 14.8589436], [120.7763515, 14.8590202], [120.7762708, 14.859142], [120.7760605, 14.8593578], [120.7759103, 14.8594797], [120.7758003, 14.8595315], [120.7756882, 14.8595389], [120.7754758, 14.8595186], [120.7751995, 14.8594641], [120.7747892, 14.8593449], [120.7745168, 14.8592491], [120.7743224, 14.8592334], [120.7741937, 14.8592593], [120.7741059, 14.8593126], [120.774065, 14.85942], [120.7740757, 14.8596974], [120.7741057, 14.8599392], [120.7741857, 14.8602237], [120.7742259, 14.8604493], [120.7742661, 14.8605711], [120.7743654, 14.8607578], [120.7744002, 14.8608641], [120.7743748, 14.861018], [120.774301, 14.8611181], [120.7741964, 14.8611959], [120.7740757, 14.86124], [120.7738933, 14.8613074], [120.7735929, 14.8613644], [120.7733381, 14.8614163], [120.7731709, 14.8614776], [120.7739921, 14.8618479], [120.774436, 14.8621], [120.7745933, 14.8622044], [120.7746228, 14.8622822], [120.7746635, 14.8627054], [120.7746791, 14.8631325], [120.7747194, 14.863651], [120.7747033, 14.8639153], [120.7746845, 14.8640605], [120.7745933, 14.8645895], [120.7745585, 14.8652894], [120.7745129, 14.8677885], [120.7745196, 14.8687114], [120.7745194, 14.8687436], [120.7745236, 14.8706635], [120.7747073, 14.8708864], [120.7747301, 14.8717212], [120.7744834, 14.8721411], [120.7743517, 14.8765462], [120.7743144, 14.877795], [120.7743573, 14.8778935], [120.7748884, 14.8777172], [120.7754731, 14.8779816], [120.7755804, 14.8781527], [120.775575, 14.8783031], [120.7750761, 14.8796614], [120.7752585, 14.8805376], [120.7757735, 14.8821241], [120.7745504, 14.8823626], [120.774368, 14.8811598], [120.7731986, 14.8809109], [120.7715356, 14.8796977], [120.7700443, 14.8799051], [120.7646799, 14.8784288], [120.7644278, 14.8783562], [120.7638208, 14.8782289], [120.7625982, 14.8779725], [120.7624859, 14.8786271], [120.7602531, 14.8783289], [120.7601884, 14.8786202], [120.7594991, 14.8784776], [120.7500994, 14.8775824], [120.7497561, 14.8766699], [120.7472134, 14.8769603], [120.7464838, 14.8761515], [120.7395696, 14.8755382], [120.7395593, 14.8755908], [120.7390211, 14.8755472], [120.7390165, 14.8748973], [120.7389736, 14.8744721], [120.7389736, 14.8740885], [120.73892, 14.8735285], [120.7389092, 14.8731345], [120.7389307, 14.8725642], [120.7389951, 14.8719938], [120.7389843, 14.8716205], [120.7388878, 14.8709297], [120.7388301, 14.870629], [120.7388127, 14.8703555], [120.7388272, 14.8701346], [120.7355357, 14.8695941], [120.7338238, 14.8689758], [120.7308089, 14.8685817], [120.727483, 14.8675552], [120.7236961, 14.867143], [120.714941, 14.8571127], [120.7111299, 14.8506725], [120.7063649, 14.8351332], [120.7063448, 14.8350489], [120.7062993, 14.8349792], [120.7061845, 14.8349019], [120.7059294, 14.8348179], [120.7056746, 14.8346766], [120.7054477, 14.8344201], [120.7052751, 14.8341689], [120.7051393, 14.8339292], [120.7048196, 14.833189], [120.7046966, 14.8329203], [120.7045448, 14.8326416], [120.7043884, 14.8323913], [120.7042216, 14.8321192], [120.7041438, 14.8319144], [120.7040928, 14.8317821], [120.7040285, 14.8316693], [120.7038864, 14.8315005], [120.7034665, 14.8309827], [120.703252, 14.8307294], [120.7030118, 14.8304996], [120.7028979, 14.8303664], [120.7028644, 14.830321], [120.7028443, 14.830264], [120.7028187, 14.8301595], [120.7028295, 14.8300747], [120.7028872, 14.8299075], [120.7029241, 14.8298012], [120.7029515, 14.8297234], [120.7029502, 14.8296365], [120.7029238, 14.8294878], [120.7028019, 14.8292113], [120.7026944, 14.8290876], [120.702525, 14.8289143], [120.7023164, 14.8287218], [120.7021291, 14.8285201], [120.7018478, 14.828086], [120.7016653, 14.8279182], [120.7014117, 14.8277299], [120.70126, 14.8276291], [120.7011496, 14.8274802], [120.7011272, 14.8273632], [120.7011253, 14.8272459], [120.7011424, 14.8271597], [120.7012009, 14.8270471], [120.7012827, 14.8269635], [120.7014231, 14.8268645], [120.7015862, 14.8267728], [120.7017292, 14.8266353], [120.7018726, 14.8264502], [120.702011, 14.826254], [120.7023002, 14.826011], [120.7028319, 14.8256095], [120.7030636, 14.8253574], [120.7032039, 14.8251098], [120.7033045, 14.8249229], [120.7034081, 14.824738], [120.7036269, 14.8246479], [120.7038773, 14.8246223], [120.7042073, 14.8245798], [120.7043932, 14.8244902], [120.7045416, 14.8243413], [120.7045752, 14.8242317], [120.7045828, 14.8241253], [120.7045633, 14.8239404], [120.7044709, 14.8236743], [120.7044298, 14.8233884], [120.7043272, 14.8227504], [120.7042983, 14.8225118], [120.7043002, 14.8222602], [120.7043059, 14.8219746], [120.7043002, 14.8218573], [120.7042519, 14.8217512], [120.704139, 14.8215823], [120.7039911, 14.8214301], [120.7038177, 14.8212921], [120.7035852, 14.8211661], [120.7033405, 14.8210982], [120.7029133, 14.8210605], [120.7025079, 14.8210744], [120.7022117, 14.8210449], [120.7020869, 14.8210047], [120.701975, 14.8209387], [120.7018845, 14.8207987], [120.7018252, 14.8206563], [120.70181, 14.8205097], [120.701822, 14.8202836], [120.7017848, 14.8199792], [120.7016915, 14.8196776], [120.701597, 14.819528], [120.7014737, 14.8193958], [120.7012464, 14.8191778], [120.700964, 14.8189601], [120.7007887, 14.8187491], [120.7006073, 14.8185971], [120.7004054, 14.818497], [120.700179, 14.8184543], [120.6999513, 14.8183938], [120.699735, 14.8182489], [120.6995947, 14.8181041], [120.6995037, 14.8178921], [120.699404, 14.8176356], [120.6992408, 14.817372], [120.6988827, 14.8168798], [120.6986161, 14.8164821], [120.6982876, 14.816012], [120.6980357, 14.8158048], [120.6977696, 14.8156585], [120.6976033, 14.8155958], [120.6973719, 14.8155298], [120.6969725, 14.8154694], [120.6967271, 14.8153941], [120.69657, 14.81523], [120.6963743, 14.8149981], [120.6961993, 14.8147222], [120.6959747, 14.8143769], [120.6958543, 14.8141123], [120.6957791, 14.8139698], [120.695517, 14.8134637], [120.6952894, 14.8130911], [120.6951037, 14.8128507], [120.6948605, 14.8125643], [120.6945017, 14.8122694], [120.6941257, 14.8119143], [120.693824, 14.8115123], [120.6933222, 14.8109091], [120.6927883, 14.8104058], [120.6923515, 14.8101775], [120.6919433, 14.8098743], [120.6915544, 14.809424], [120.6913462, 14.8091147], [120.6907064, 14.8079758], [120.6899549, 14.8071707], [120.6896807, 14.8067485], [120.6893252, 14.8056292], [120.6890662, 14.8048879], [120.6888581, 14.8045933], [120.6885128, 14.8040484], [120.6883046, 14.8038226], [120.6881506, 14.8036994], [120.687923, 14.803626], [120.6875391, 14.803489], [120.6872516, 14.8034573], [120.686959, 14.8034337], [120.6865385, 14.8034463], [120.6861126, 14.8034664], [120.6854756, 14.8035561], [120.6850976, 14.8035349], [120.6848771, 14.8034903], [120.6846881, 14.8033108], [120.6845508, 14.8030576], [120.6844801, 14.8027891], [120.684475, 14.8025185], [120.6845508, 14.8022398], [120.6847064, 14.8016823], [120.6850506, 14.8009261], [120.6860856, 14.799738], [120.6864387, 14.7991709], [120.686625, 14.7986451], [120.6866705, 14.7981089], [120.6864274, 14.7976276], [120.6861638, 14.7972869], [120.6858283, 14.7967811], [120.6855977, 14.7962431], [120.6854645, 14.7956103], [120.6854377, 14.7950299], [120.6855052, 14.7944794], [120.6856781, 14.7935499], [120.6857336, 14.7928121], [120.6857707, 14.7922266], [120.6857352, 14.7911514], [120.685659, 14.7903609], [120.6855676, 14.7898552], [120.6851256, 14.7887315], [120.6847501, 14.7878601], [120.6845752, 14.786891], [120.6844174, 14.7849846], [120.6845569, 14.7832024], [120.6843853, 14.7815426], [120.6836343, 14.778306], [120.6835484, 14.7740941], [120.6847286, 14.7475763], [120.6767048, 14.6700123]]]}}, {"type": "Feature", "properties": {"municipality": "Calumpit", "province": "Bulacan", "lat": 14.9151703, "lon": 120.7662073}, "geometry": {"type": "Polygon", "coordinates": [[[120.7184107, 14.8757225], [120.7190849, 14.8753131], [120.7208624, 14.8738802], [120.7226229, 14.87218], [120.7233839, 14.8715196], [120.7233732, 14.8713005], [120.7232324, 14.8708987], [120.7230849, 14.8707186], [120.7229055, 14.87062], [120.7226001, 14.8705416], [120.7223734, 14.870504], [120.7219376, 14.8705292], [120.7218772, 14.8704929], [120.7218316, 14.8704216], [120.7218478, 14.8701495], [120.7220767, 14.869999], [120.7221568, 14.8699156], [120.7223237, 14.8698539], [120.7226934, 14.8697766], [120.7233263, 14.8697991], [120.7235229, 14.8698345], [120.7237694, 14.8697959], [120.7239226, 14.8696639], [120.7240225, 14.8693162], [120.7240325, 14.8690908], [120.7240459, 14.8687302], [120.7238593, 14.8681314], [120.7237128, 14.8677418], [120.7236761, 14.8674199], [120.7236961, 14.867143], [120.727483, 14.8675552], [120.7308089, 14.8685817], [120.7338238, 14.8689758], [120.7355357, 14.8695941], [120.7388272, 14.8701346], [120.7388127, 14.8703555], [120.7388301, 14.870629], [120.7388878, 14.8709297], [120.7389843, 14.8716205], [120.7389951, 14.8719938], [120.7389307, 14.8725642], [120.7389092, 14.8731345], [120.73892, 14.8735285], [120.7389736, 14.8740885], [120.7389736, 14.8744721], [120.7390165, 14.8748973], [120.7390211, 14.8755472], [120.7395593, 14.8755908], [120.7395696, 14.8755382], [120.7464838, 14.8761515], [120.7472134, 14.8769603], [120.7497561, 14.8766699], [120.7500994, 14.8775824], [120.7594991, 14.8784776], [120.7601884, 14.8786202], [120.7602531, 14.8783289], [120.7624859, 14.8786271], [120.7625982, 14.8779725], [120.7638208, 14.8782289], [120.7644278, 14.8783562], [120.7646799, 14.8784288], [120.7700443, 14.8799051], [120.7715356, 14.8796977], [120.7731986, 14.8809109], [120.774368, 14.8811598], [120.7745504, 14.8823626], [120.7757735, 14.8821241], [120.7752585, 14.8805376], [120.7750761, 14.8796614], [120.775575, 14.8783031], [120.7755804, 14.8781527], [120.7754731, 14.8779816], [120.7748884, 14.8777172], [120.7743573, 14.8778935], [120.7743144, 14.877795], [120.7743517, 14.8765462], [120.7744834, 14.8721411], [120.7747301, 14.8717212], [120.7747073, 14.8708864], [120.7745236, 14.8706635], [120.7745194, 14.8687436], [120.7747755, 14.8688461], [120.7750545, 14.8691468], [120.7753487, 14.8693117], [120.7758562, 14.869596], [120.7773311, 14.8704589], [120.777638, 14.870316], [120.7790754, 14.8695538], [120.7806901, 14.8686284], [120.7807625, 14.8686076], [120.7808043, 14.8685733], [120.7807933, 14.8685157], [120.7808014, 14.8684676], [120.7810132, 14.8684444], [120.7814372, 14.8684355], [120.7813687, 14.8685483], [120.7813431, 14.8686751], [120.7813539, 14.868981], [120.7814023, 14.8692858], [120.7815418, 14.8695451], [120.7816705, 14.8696695], [120.7818207, 14.869711], [120.7820353, 14.869711], [120.7823035, 14.8695969], [120.7825074, 14.8694829], [120.7828078, 14.8693584], [120.7830438, 14.8693688], [120.7831833, 14.8694621], [120.7833335, 14.8695451], [120.7835373, 14.8697006], [120.7838163, 14.8700117], [120.7840094, 14.8703332], [120.7841918, 14.8706131], [120.7843742, 14.871059], [120.784696, 14.8712975], [120.7850072, 14.8714531], [120.785372, 14.8714946], [120.7855329, 14.8715568], [120.7856724, 14.8717849], [120.7856938, 14.8721064], [120.7857475, 14.8723863], [120.785798, 14.8724635], [120.7858535, 14.8725485], [120.7858762, 14.8725833], [120.7861951, 14.8726664], [120.7864552, 14.8726528], [120.7867786, 14.8726052], [120.7869684, 14.8726664], [120.7873839, 14.872787], [120.7878292, 14.8729529], [120.7882028, 14.8730408], [120.7884568, 14.873124], [120.788725, 14.8732277], [120.7890201, 14.8734506], [120.7892757, 14.8736266], [120.7894259, 14.8737977], [120.7894171, 14.8739276], [120.7892829, 14.8740158], [120.7889825, 14.8740832], [120.7886266, 14.8741607], [120.7882779, 14.8742384], [120.7878917, 14.8743629], [120.7876127, 14.8745651], [120.7872533, 14.8747673], [120.7869709, 14.8748868], [120.7869408, 14.8749248], [120.7869292, 14.8751424], [120.7869678, 14.8753464], [120.7869315, 14.8754178], [120.7869074, 14.8755188], [120.7869155, 14.8756459], [120.7869637, 14.8759336], [120.7870067, 14.8761254], [120.7870871, 14.8764106], [120.7871086, 14.8767035], [120.7871247, 14.8769602], [120.7870791, 14.877209], [120.7870577, 14.8772686], [120.7869745, 14.8773749], [120.7869772, 14.8774553], [120.7870501, 14.8776042], [120.7871827, 14.8778752], [120.7874251, 14.8783705], [120.7879602, 14.878717], [120.7882659, 14.8788176], [120.7884676, 14.8789205], [120.7892483, 14.8793659], [120.7902212, 14.8798207], [120.7909553, 14.8802128], [120.7910425, 14.8802935], [120.7912054, 14.8804267], [120.7913693, 14.8805699], [120.7916723, 14.8807815], [120.7920067, 14.8809902], [120.7920825, 14.8810155], [120.7921781, 14.8811097], [120.792984, 14.8822959], [120.793033, 14.8823278], [120.7930768, 14.8823658], [120.7932254, 14.8823794], [120.7934057, 14.8824408], [120.7935636, 14.8824904], [120.7938222, 14.8825025], [120.7940582, 14.8824844], [120.7941897, 14.8824818], [120.7945046, 14.8826686], [120.7947774, 14.8827989], [120.7949666, 14.8827635], [120.7951204, 14.8826995], [120.7954325, 14.8824732], [120.7958889, 14.8822172], [120.7960546, 14.8821853], [120.79641, 14.8821863], [120.796643, 14.882289], [120.7970708, 14.8825584], [120.7973362, 14.882691], [120.7974614, 14.8826964], [120.7975169, 14.8826775], [120.7976107, 14.8826956], [120.7977034, 14.882728], [120.7977621, 14.8827876], [120.7978914, 14.882919], [120.7982783, 14.8831695], [120.7989789, 14.8837609], [120.7990689, 14.8838712], [120.7991651, 14.8839635], [120.79965, 14.8841734], [120.7997203, 14.8842337], [120.7997302, 14.8842935], [120.7998419, 14.8844106], [120.8000323, 14.8845779], [120.8002988, 14.8847743], [120.800943, 14.8853201], [120.8010285, 14.8854093], [120.8010889, 14.8854957], [120.8011726, 14.8856352], [120.8018816, 14.8863134], [120.8020339, 14.8863833], [120.8022227, 14.8865616], [120.8023748, 14.886642], [120.8025533, 14.8868315], [120.802528, 14.8870344], [120.8024222, 14.8872207], [120.8024156, 14.8873285], [120.8024062, 14.8878504], [120.8024244, 14.8880277], [120.8025586, 14.8883301], [120.8026223, 14.8885318], [120.8030812, 14.8889312], [120.8031456, 14.8891774], [120.8032689, 14.8894133], [120.8034191, 14.8895999], [120.8035787, 14.8896816], [120.8034901, 14.8908145], [120.8026653, 14.9013576], [120.8027673, 14.9034779], [120.8029603, 14.9043902], [120.8029014, 14.9051056], [120.8026761, 14.907174], [120.8024508, 14.9090868], [120.8021986, 14.9111811], [120.801925, 14.9132805], [120.8003729, 14.9200173], [120.8003069, 14.9202854], [120.7996126, 14.9240404], [120.7996018, 14.9241234], [120.7995325, 14.9243656], [120.799521, 14.9244223], [120.799524, 14.9244733], [120.7995674, 14.9245315], [120.7996634, 14.9245665], [120.7997672, 14.9245963], [120.7998329, 14.9246142], [120.7998673, 14.9246236], [120.7999416, 14.9246818], [120.799992, 14.9247765], [120.8000443, 14.9249165], [120.8000851, 14.9250291], [120.8001517, 14.9251174], [120.8002482, 14.9252288], [120.8003239, 14.9252672], [120.8004029, 14.9252935], [120.800592, 14.9253012], [120.8006989, 14.9253136], [120.8007768, 14.9253546], [120.8010399, 14.9255604], [120.8012304, 14.9257224], [120.8013785, 14.9257979], [120.8015516, 14.9258759], [120.8016166, 14.9259297], [120.8016314, 14.9260114], [120.8016129, 14.9260997], [120.8015799, 14.9262577], [120.8015823, 14.9264418], [120.8016059, 14.9265634], [120.8016296, 14.9266503], [120.8016112, 14.9267215], [120.8015692, 14.9267825], [120.8015299, 14.9268403], [120.8014298, 14.9269872], [120.8013895, 14.9271298], [120.8013761, 14.9272081], [120.8014007, 14.9272917], [120.8014138, 14.927358], [120.8014337, 14.9274589], [120.8014396, 14.927543], [120.8014082, 14.9276041], [120.8013152, 14.9276385], [120.8012438, 14.9276752], [120.8011385, 14.9277207], [120.8010507, 14.927762], [120.8009738, 14.9278287], [120.8008785, 14.9279475], [120.8008075, 14.928099], [120.8008039, 14.9282402], [120.8008396, 14.9283362], [120.800849, 14.9284328], [120.8008557, 14.9285138], [120.800769, 14.9285966], [120.8007296, 14.9286809], [120.8007328, 14.9288195], [120.8007485, 14.9289647], [120.8007229, 14.9290943], [120.8006349, 14.9292095], [120.8005098, 14.9293009], [120.8003045, 14.9294584], [120.8000913, 14.9296281], [120.7999711, 14.9297861], [120.7998674, 14.9299496], [120.7997369, 14.9300465], [120.7995374, 14.9301673], [120.7993582, 14.930206], [120.7992357, 14.9302385], [120.7991557, 14.9302876], [120.7991114, 14.9303304], [120.7990037, 14.930486], [120.7989237, 14.9306401], [120.7988414, 14.9307413], [120.7987703, 14.930797], [120.7986769, 14.930815], [120.7985602, 14.9308422], [120.7984864, 14.9309039], [120.7978786, 14.9304834], [120.7974194, 14.9301515], [120.796772, 14.9296969], [120.796746, 14.9297012], [120.796617, 14.9297227], [120.7963943, 14.9297434], [120.7961047, 14.9297512], [120.7959732, 14.9297304], [120.7958552, 14.9297227], [120.7955131, 14.9296116], [120.7953081, 14.9295412], [120.7941904, 14.9295458], [120.7897224, 14.9282065], [120.7890773, 14.9280234], [120.7835536, 14.9265464], [120.7808473, 14.9258227], [120.7799698, 14.9256542], [120.7790629, 14.9254659], [120.7788402, 14.9251485], [120.7785906, 14.9247489], [120.7784983, 14.9246207], [120.7781281, 14.9245524], [120.7779289, 14.9244891], [120.7776446, 14.9243596], [120.7775164, 14.9243248], [120.7772476, 14.924216], [120.7771787, 14.9241975], [120.7771523, 14.924247], [120.7771369, 14.9242639], [120.7771181, 14.92427], [120.7750238, 14.9236477], [120.7747985, 14.9236503], [120.7745947, 14.9236114], [120.7743296, 14.923599], [120.7742339, 14.9235972], [120.7741655, 14.9236036], [120.7740971, 14.9236373], [120.7738576, 14.9238038], [120.773605, 14.9239963], [120.7733192, 14.9241606], [120.7730135, 14.9242827], [120.7729317, 14.9243258], [120.7728579, 14.9243872], [120.7724042, 14.9244666], [120.77241, 14.9243721], [120.77241, 14.9242477], [120.7723886, 14.9241116], [120.7723403, 14.923903], [120.7722719, 14.9237384], [120.7722048, 14.9235738], [120.7721217, 14.9233484], [120.7720925, 14.9232815], [120.7720631, 14.9232143], [120.7719595, 14.9232719], [120.7707207, 14.92396], [120.7707751, 14.924074], [120.7708006, 14.9243215], [120.7707966, 14.9244092], [120.770756, 14.9245291], [120.7707113, 14.9246548], [120.7706787, 14.9248689], [120.7706808, 14.9250888], [120.7707988, 14.9256763], [120.7680892, 14.9257753], [120.7661619, 14.9264753], [120.7648619, 14.9261269], [120.7647599, 14.926099], [120.7617724, 14.9282402], [120.760045, 14.9288104], [120.7576453, 14.9293584], [120.7562927, 14.9290848], [120.7541523, 14.9288585], [120.7537868, 14.9291939], [120.7534864, 14.9296916], [120.7529745, 14.9301061], [120.7528404, 14.9302253], [120.752717, 14.9302927], [120.7525507, 14.9303653], [120.752379, 14.9304015], [120.7522074, 14.9304067], [120.7520143, 14.9304015], [120.751789, 14.9304015], [120.7516602, 14.930386], [120.7514778, 14.930329], [120.7512954, 14.9302616], [120.7511313, 14.9301901], [120.7508877, 14.9301579], [120.7505015, 14.9301165], [120.7502225, 14.9300387], [120.7499543, 14.9300283], [120.7496486, 14.9299817], [120.7494232, 14.9299402], [120.7490853, 14.9298625], [120.74886, 14.9298417], [120.7486025, 14.9298055], [120.7483826, 14.9297951], [120.7481358, 14.9297692], [120.7479212, 14.9297536], [120.7476369, 14.9297484], [120.7473955, 14.9297225], [120.7471112, 14.9296811], [120.7468859, 14.9296811], [120.7466391, 14.9296655], [120.7464353, 14.9296655], [120.7461992, 14.9296914], [120.7459042, 14.9296862], [120.7456682, 14.9296759], [120.7455072, 14.9296759], [120.7453302, 14.9297277], [120.7451854, 14.9297277], [120.7450137, 14.9297795], [120.7448581, 14.9298625], [120.7447026, 14.9298936], [120.7445148, 14.9299506], [120.7443485, 14.930018], [120.7441768, 14.9301165], [120.744091, 14.930272], [120.7439998, 14.9304637], [120.7438979, 14.9305726], [120.743796, 14.9307125], [120.7436833, 14.9308007], [120.7435921, 14.9308991], [120.7434795, 14.9309458], [120.7433561, 14.9309717], [120.7431952, 14.9309562], [120.7430503, 14.9309043], [120.7429108, 14.9308266], [120.7428197, 14.930754], [120.7426694, 14.9307125], [120.74253, 14.9306711], [120.7424012, 14.9306141], [120.7422671, 14.9305156], [120.7421223, 14.9304637], [120.7419292, 14.9303912], [120.741736, 14.9302668], [120.7415376, 14.9301476], [120.7413713, 14.9300543], [120.7411352, 14.929935], [120.7409689, 14.9298573], [120.7407919, 14.9297744], [120.7406578, 14.9296551], [120.7405183, 14.9295826], [120.7403306, 14.9295567], [120.7401589, 14.9294789], [120.7400302, 14.9294115], [120.7398317, 14.9293597], [120.7396707, 14.929256], [120.7394669, 14.9291472], [120.7392094, 14.9291057], [120.7389787, 14.9290798], [120.7387695, 14.9290124], [120.7385228, 14.9289502], [120.7383511, 14.9288932], [120.7381848, 14.9288984], [120.7379595, 14.9289036], [120.7376698, 14.9288828], [120.7374391, 14.928888], [120.7372192, 14.9288725], [120.73701, 14.9288725], [120.7367579, 14.9288154], [120.7364896, 14.9287999], [120.7362429, 14.9287636], [120.7360444, 14.9287118], [120.7358352, 14.9286237], [120.7356099, 14.92852], [120.7354382, 14.9285148], [120.7351432, 14.9284733], [120.7348535, 14.9283956], [120.734596, 14.9283697], [120.7343492, 14.9283023], [120.7340381, 14.9282505], [120.7337806, 14.9281779], [120.7336959, 14.9281899], [120.7335607, 14.928209], [120.7333139, 14.928266], [120.7331154, 14.9283749], [120.7328633, 14.9284474], [120.732638, 14.9284837], [120.7324931, 14.9284889], [120.7322517, 14.9284837], [120.7320318, 14.9284526], [120.7320416, 14.9279033], [120.7320642, 14.9266282], [120.7318241, 14.9224162], [120.7316072, 14.9186125], [120.7311415, 14.9139129], [120.730445, 14.9075106], [120.7301813, 14.9049138], [120.7309315, 14.9026495], [120.7318374, 14.8999153], [120.7311892, 14.8992852], [120.7308961, 14.8986629], [120.7306574, 14.8980606], [120.7305208, 14.8975254], [120.7304905, 14.8968656], [120.7304298, 14.8961544], [120.730316, 14.8956706], [120.7300321, 14.8951724], [120.7297854, 14.8948536], [120.7294965, 14.8945122], [120.7292463, 14.8942703], [120.7290295, 14.8941721], [120.7284194, 14.8940796], [120.727767, 14.8939183], [120.7269628, 14.8936911], [120.7266057, 14.8936409], [120.7260556, 14.8923855], [120.7253165, 14.8899226], [120.7245813, 14.8868721], [120.7213783, 14.8811701], [120.719769, 14.8789615], [120.7184107, 14.8757225]]]}}, {"type": "Feature", "properties": {"municipality": "Santa Maria", "province": "Bulacan", "lat": 14.8187993, "lon": 120.9607117}, "geometry": {"type": "Polygon", "coordinates": [[[120.9424788, 14.8137217], [120.9432026, 14.8135107], [120.9452248, 14.8121628], [120.9454909, 14.8113653], [120.9455122, 14.8104186], [120.9456593, 14.8097755], [120.9458112, 14.8095557], [120.9458895, 14.8094002], [120.9459376, 14.8091937], [120.946124, 14.8088602], [120.9462638, 14.8085942], [120.9457739, 14.8077721], [120.9458332, 14.8072716], [120.9465467, 14.8074022], [120.9463531, 14.8033027], [120.9491183, 14.800381], [120.9493237, 14.7994617], [120.9498006, 14.7995066], [120.9499668, 14.7995624], [120.9500599, 14.7996797], [120.9500344, 14.7984049], [120.951151, 14.7959486], [120.9512175, 14.7959355], [120.9513348, 14.7958955], [120.9514113, 14.7958661], [120.9515333, 14.7957931], [120.9516486, 14.7957023], [120.9517499, 14.7955846], [120.9521203, 14.7945233], [120.9519188, 14.7942168], [120.9518264, 14.7940854], [120.9533434, 14.7921534], [120.954167, 14.7923674], [120.9574211, 14.788473], [120.9573724, 14.7880598], [120.9576257, 14.7875068], [120.9575671, 14.7869981], [120.9578013, 14.7869185], [120.9581586, 14.7867671], [120.9583506, 14.7866629], [120.9593211, 14.7860923], [120.9597805, 14.7857907], [120.9599977, 14.7856528], [120.9601645, 14.7855758], [120.9607399, 14.7853426], [120.9612169, 14.784426], [120.9612732, 14.7856863], [120.9624373, 14.7858523], [120.9629809, 14.7862481], [120.9635236, 14.7866433], [120.9636784, 14.7865764], [120.9638742, 14.7869628], [120.9642175, 14.78737], [120.9639922, 14.7875308], [120.964196, 14.7879768], [120.9649953, 14.7883503], [120.964821, 14.7886018], [120.9651938, 14.7888222], [120.9654566, 14.7883373], [120.9661234, 14.7888227], [120.9663378, 14.7889662], [120.9669135, 14.7893599], [120.9671367, 14.7894262], [120.9674044, 14.7894381], [120.9675916, 14.7894096], [120.9678748, 14.7894014], [120.9680722, 14.7894428], [120.9682761, 14.7895574], [120.9685506, 14.7897001], [120.9689046, 14.7898777], [120.9691478, 14.7900868], [120.9690682, 14.7902342], [120.9690218, 14.7903003], [120.9689927, 14.790378], [120.9690133, 14.7904012], [120.9690693, 14.7904016], [120.9691656, 14.7904883], [120.9692106, 14.7906406], [120.96928, 14.7908349], [120.9692583, 14.7909019], [120.9692301, 14.7909287], [120.9692349, 14.7909525], [120.9692924, 14.7909875], [120.9693631, 14.7909694], [120.9694295, 14.7910137], [120.9695402, 14.7910966], [120.9694927, 14.7911601], [120.9693967, 14.7912912], [120.9696054, 14.7914256], [120.9697047, 14.7914328], [120.96989, 14.7915641], [120.9698926, 14.7917073], [120.9699014, 14.7917648], [120.970006, 14.7918273], [120.9700495, 14.7918233], [120.9700608, 14.7917744], [120.9701164, 14.7917228], [120.9701477, 14.7917557], [120.9701806, 14.7918438], [120.9702206, 14.7918759], [120.9703065, 14.791864], [120.9703877, 14.7918332], [120.9705463, 14.791747], [120.9705004, 14.7917072], [120.9706668, 14.7916118], [120.9707152, 14.7916256], [120.9707481, 14.7915623], [120.9708909, 14.7914799], [120.9709866, 14.7915043], [120.9709737, 14.7915434], [120.9709982, 14.7915638], [120.9712805, 14.7917649], [120.9712988, 14.7917821], [120.9712903, 14.7918235], [120.9713807, 14.7918707], [120.9714766, 14.7918888], [120.9714944, 14.7918873], [120.9718779, 14.7918395], [120.9720704, 14.7918967], [120.9721062, 14.7919219], [120.9722872, 14.7920155], [120.9724163, 14.7920966], [120.9725173, 14.7921434], [120.9726844, 14.7921898], [120.9730661, 14.7921962], [120.9732297, 14.7920095], [120.9737581, 14.7923336], [120.9739539, 14.7925385], [120.97467, 14.792637], [120.9746647, 14.7927252], [120.9751207, 14.7927875], [120.9754103, 14.7927667], [120.9753782, 14.7930157], [120.9750992, 14.7933528], [120.9752548, 14.7934825], [120.9752816, 14.7936277], [120.9756464, 14.7935966], [120.975641, 14.7933787], [120.9758234, 14.7934047], [120.975979, 14.7930572], [120.9765422, 14.7929223], [120.9766388, 14.7930883], [120.9777312, 14.7929117], [120.9788752, 14.7927267], [120.9787832, 14.7925428], [120.9786912, 14.7924598], [120.9785501, 14.7923886], [120.9784458, 14.7923293], [120.9784212, 14.7922166], [120.9784887, 14.7920445], [120.9785746, 14.7918606], [120.978501, 14.7916886], [120.9784273, 14.7915344], [120.9783046, 14.7913742], [120.9782985, 14.7912912], [120.9783599, 14.7911785], [120.9797219, 14.7908937], [120.979906, 14.7905022], [120.9808445, 14.7915945], [120.9815204, 14.7913456], [120.9819066, 14.7920717], [120.9827649, 14.7921962], [120.9838057, 14.7929638], [120.9842884, 14.7922273], [120.9847283, 14.7924555], [120.9848356, 14.7922429], [120.9847069, 14.7921806], [120.9848946, 14.7918539], [120.9852701, 14.7917346], [120.9854123, 14.7912107], [120.9858656, 14.7914234], [120.9860158, 14.7914182], [120.9865643, 14.7916749], [120.9867159, 14.7916295], [120.9868231, 14.7916645], [120.9868915, 14.7916451], [120.9870793, 14.7917047], [120.9871604, 14.7917877], [120.9874796, 14.7918545], [120.987668, 14.791859], [120.9878363, 14.7916963], [120.9879316, 14.7913845], [120.9881428, 14.791531], [120.9881649, 14.7915102], [120.9882642, 14.791531], [120.9881455, 14.7921702], [120.9886517, 14.7922766], [120.9886796, 14.7922759], [120.9893686, 14.7922584], [120.9893632, 14.7920873], [120.9891057, 14.7920561], [120.9891164, 14.7919213], [120.9897709, 14.7919368], [120.9911388, 14.7921184], [120.9924692, 14.7917242], [120.9922385, 14.7904638], [120.9928393, 14.7901008], [120.9922922, 14.7892398], [120.9921849, 14.7885863], [120.9924944, 14.7883115], [120.9928702, 14.7883796], [120.993312, 14.7883587], [120.9940016, 14.78839], [120.994368, 14.7889005], [120.9944973, 14.7894319], [120.9945943, 14.7902132], [120.9949822, 14.7901299], [120.9953054, 14.7900465], [120.9955533, 14.790182], [120.9955317, 14.7903591], [120.9954132, 14.7908904], [120.9960705, 14.7915364], [120.9967465, 14.7924485], [120.9977407, 14.793047], [120.9982364, 14.792922], [120.9986027, 14.7928178], [120.9990661, 14.7927762], [120.9997772, 14.7930158], [121.0000574, 14.7933492], [121.0002837, 14.793818], [121.0006501, 14.7949848], [121.0007578, 14.7951828], [121.0008117, 14.7953182], [121.0010164, 14.7955995], [121.0010164, 14.7958287], [121.0010164, 14.79611], [121.0011134, 14.7962871], [121.0017384, 14.7966517], [121.0018677, 14.7973497], [121.002094, 14.7973081], [121.0024496, 14.7978706], [121.0031392, 14.7980269], [121.0030422, 14.7983707], [121.0036025, 14.7989854], [121.0037642, 14.7990166], [121.0037965, 14.7996313], [121.0044538, 14.8000584], [121.0048094, 14.8005897], [121.0050733, 14.8015109], [121.0056013, 14.8015215], [121.0060304, 14.8023462], [121.006304, 14.8023825], [121.0067922, 14.8016719], [121.0077095, 14.8017394], [121.0082781, 14.802118], [121.008895, 14.8016979], [121.0090399, 14.8016719], [121.0092169, 14.8018742], [121.0098767, 14.8013556], [121.0103702, 14.8017031], [121.0106385, 14.8016875], [121.0107777, 14.8008702], [121.0112932, 14.8012127], [121.0119183, 14.8014034], [121.0122051, 14.8017302], [121.0122848, 14.8019438], [121.0136228, 14.8017503], [121.0141748, 14.801797], [121.014506, 14.8014901], [121.0145543, 14.8019438], [121.0161491, 14.8025894], [121.016752, 14.802691], [121.0174059, 14.8030318], [121.0174573, 14.8030399], [121.0174191, 14.803342], [121.0175461, 14.8070687], [121.0175216, 14.808451], [121.0180789, 14.8085309], [121.0180709, 14.8091714], [121.0180172, 14.8096511], [121.0177946, 14.8098793], [121.0173905, 14.8102974], [121.017568, 14.8109475], [121.0175733, 14.8119499], [121.0175648, 14.8120851], [121.0175945, 14.8121958], [121.0176368, 14.8123105], [121.0176623, 14.8124908], [121.0176623, 14.8127039], [121.0176114, 14.8128391], [121.0175097, 14.8129866], [121.0173613, 14.8131341], [121.0173062, 14.8132161], [121.0172045, 14.8132694], [121.0170392, 14.8133185], [121.0169459, 14.8133185], [121.0168061, 14.8133595], [121.0167467, 14.8134988], [121.0167383, 14.8136341], [121.0168612, 14.8136832], [121.017018, 14.8137529], [121.0170307, 14.813884], [121.0170265, 14.8140315], [121.0170901, 14.8141422], [121.0171621, 14.8142323], [121.0172045, 14.8143758], [121.0172045, 14.8145274], [121.0172087, 14.8146913], [121.0172172, 14.8148265], [121.0172935, 14.8149453], [121.0174376, 14.8150437], [121.0175605, 14.8151543], [121.0177089, 14.8152977], [121.0177894, 14.8154453], [121.0178657, 14.8155969], [121.0180014, 14.8158304], [121.0180522, 14.815978], [121.0180734, 14.8160968], [121.018137, 14.816232], [121.0182175, 14.8163222], [121.0183235, 14.8163713], [121.0185439, 14.8164369], [121.01871, 14.8165171], [121.0186948, 14.8166054], [121.0186826, 14.8167967], [121.0185852, 14.817141], [121.0184269, 14.8173116], [121.0183752, 14.8173999], [121.0183204, 14.8174646], [121.0182565, 14.8174705], [121.0181408, 14.8174499], [121.0181013, 14.8173999], [121.0180587, 14.8173146], [121.017943, 14.8172557], [121.0179217, 14.8172322], [121.0179004, 14.8171733], [121.0178334, 14.8171262], [121.0177634, 14.8171174], [121.0176599, 14.8171351], [121.0175078, 14.8171763], [121.0173617, 14.8172175], [121.0172156, 14.8172675], [121.0170999, 14.817341], [121.0170147, 14.817444], [121.0169599, 14.8174911], [121.0168564, 14.8175676], [121.0168473, 14.817597], [121.0168168, 14.8176677], [121.0167529, 14.8177795], [121.0166768, 14.8178736], [121.0166312, 14.8179472], [121.0166403, 14.8180178], [121.0166616, 14.818212], [121.0165977, 14.8184297], [121.0165886, 14.8185063], [121.0166281, 14.818568], [121.016759, 14.818571], [121.0168625, 14.8186475], [121.0168899, 14.8187005], [121.0169416, 14.8187416], [121.0169842, 14.818777], [121.0171243, 14.8187652], [121.0171821, 14.8188034], [121.0172521, 14.8187622], [121.0173586, 14.8187564], [121.0174469, 14.8187917], [121.0176112, 14.8188535], [121.0177026, 14.81893], [121.0177979, 14.8187904], [121.0179039, 14.818732], [121.0180098, 14.8186736], [121.0186093, 14.818771], [121.0187928, 14.8188174], [121.0190082, 14.8189031], [121.0192881, 14.8190506], [121.019422, 14.8191851], [121.0194906, 14.8192541], [121.0198168, 14.8194286], [121.0200377, 14.8195937], [121.0202466, 14.8196663], [121.0203275, 14.8196796], [121.0205127, 14.819713], [121.020928, 14.8198236], [121.0211543, 14.8199684], [121.0213505, 14.8200624], [121.0216364, 14.8202501], [121.0217595, 14.8203585], [121.0220226, 14.8205903], [121.0223745, 14.8208724], [121.022529, 14.8210798], [121.0226963, 14.8212164], [121.0229153, 14.8213951], [121.0234302, 14.8216192], [121.0242199, 14.8215528], [121.0253786, 14.8215611], [121.0256144, 14.8215119], [121.0257291, 14.8217552], [121.0257696, 14.8217933], [121.0259061, 14.8219202], [121.0259988, 14.8220277], [121.0260855, 14.8221133], [121.0261108, 14.8221696], [121.0261261, 14.8223628], [121.0261926, 14.8229293], [121.0262093, 14.8231076], [121.0262069, 14.8231832], [121.0261704, 14.8232599], [121.0261366, 14.8233261], [121.0260954, 14.8233948], [121.0260612, 14.8234603], [121.0260364, 14.8235517], [121.0260216, 14.8236281], [121.026021, 14.8237863], [121.0260746, 14.8241266], [121.0261108, 14.8242848], [121.026131, 14.824522], [121.0261323, 14.8247865], [121.0261457, 14.8250445], [121.0261725, 14.8252649], [121.0262395, 14.8255294], [121.0263522, 14.8258781], [121.0264221, 14.8260941], [121.0264555, 14.8261971], [121.026489, 14.8263552], [121.0265078, 14.8265043], [121.0265135, 14.8269095], [121.0265236, 14.8271506], [121.0265641, 14.8273276], [121.0266047, 14.827519], [121.026734, 14.8279651], [121.0274131, 14.8295615], [121.0277555, 14.8308649], [121.0280895, 14.8329311], [121.0280766, 14.833009], [121.0278508, 14.8334528], [121.0275751, 14.8341415], [121.027523, 14.8343438], [121.0274936, 14.8346444], [121.0275149, 14.8348728], [121.0275933, 14.8351039], [121.0277907, 14.8355022], [121.0279881, 14.8359087], [121.0281451, 14.8363108], [121.0282971, 14.8368629], [121.0282971, 14.8371616], [121.0282401, 14.8375215], [121.028237, 14.8376013], [121.0282363, 14.8383154], [121.0282027, 14.8384035], [121.0281717, 14.8384388], [121.0284215, 14.8386232], [121.028432, 14.8390017], [121.0285117, 14.8390035], [121.0285709, 14.8390244], [121.0286334, 14.8390481], [121.028686, 14.8390846], [121.0287394, 14.8391283], [121.0289148, 14.8393372], [121.0289488, 14.8393819], [121.0289879, 14.8394443], [121.0290997, 14.8396986], [121.0291908, 14.8399601], [121.0293049, 14.8403243], [121.0293528, 14.8404772], [121.0293798, 14.8405305], [121.0294002, 14.840562], [121.0294307, 14.8405919], [121.0294817, 14.8406166], [121.0295307, 14.8406432], [121.0296208, 14.8406687], [121.0297101, 14.8406856], [121.0298747, 14.8407], [121.0299385, 14.8407105], [121.0299986, 14.8407256], [121.0300419, 14.8407486], [121.0301833, 14.8408538], [121.03022, 14.8408853], [121.030254, 14.8409208], [121.0302757, 14.8409537], [121.0303251, 14.8410364], [121.030545, 14.8413999], [121.0308108, 14.8417694], [121.0309097, 14.8418797], [121.0314805, 14.8425965], [121.0307275, 14.843219], [121.0305807, 14.8433537], [121.0304867, 14.8435182], [121.0304516, 14.8437228], [121.0303828, 14.844012], [121.0301807, 14.8444808], [121.0301435, 14.8445645], [121.0301247, 14.8445949], [121.030096, 14.8446099], [121.0298454, 14.8446464], [121.0297975, 14.8447032], [121.0297793, 14.8447739], [121.0297841, 14.8448561], [121.0298088, 14.8449199], [121.0300567, 14.8451308], [121.0298391, 14.8454071], [121.0300134, 14.8455795], [121.0298149, 14.8459593], [121.029654, 14.8463261], [121.0294944, 14.8466269], [121.029315, 14.8469777], [121.0292272, 14.8471452], [121.029194, 14.8472401], [121.0292093, 14.8474848], [121.0292619, 14.8478551], [121.029342, 14.8484977], [121.0294169, 14.8490285], [121.0296721, 14.8507977], [121.0296259, 14.8508634], [121.029648, 14.8509761], [121.029643, 14.8510583], [121.0295602, 14.8511444], [121.0294775, 14.851206], [121.0294072, 14.8512559], [121.0293358, 14.8512689], [121.0292627, 14.851307], [121.0291847, 14.8514028], [121.0291068, 14.8514816], [121.0291752, 14.8515478], [121.0292132, 14.8517315], [121.0290307, 14.851658], [121.0289851, 14.8517756], [121.0292665, 14.8518344], [121.0291068, 14.8519667], [121.0292589, 14.851952], [121.029236, 14.8520475], [121.0292436, 14.8521651], [121.0290992, 14.8521945], [121.0290155, 14.8523783], [121.0289101, 14.8527383], [121.0286471, 14.8530434], [121.0285466, 14.8533715], [121.0287188, 14.8535518], [121.0290105, 14.8537459], [121.0290726, 14.8540463], [121.02902, 14.8542127], [121.0290822, 14.8543653], [121.0290057, 14.8545871], [121.028977, 14.8549384], [121.0289053, 14.8551926], [121.0287331, 14.855627], [121.0287666, 14.8558535], [121.0286327, 14.855969], [121.0285036, 14.8560985], [121.0285323, 14.8562417], [121.0284893, 14.856593], [121.0283697, 14.8568749], [121.0283363, 14.857143], [121.0284175, 14.8573833], [121.0285706, 14.8575497], [121.0286279, 14.8580211], [121.0285514, 14.8581644], [121.0283554, 14.8583308], [121.0281737, 14.8584186], [121.0280398, 14.858622], [121.0279442, 14.8588392], [121.0277481, 14.8590056], [121.0276573, 14.8590657], [121.026964, 14.8643579], [121.0254444, 14.865251], [121.02537, 14.8654474], [121.0253349, 14.8656986], [121.0253548, 14.8658445], [121.0254111, 14.8659926], [121.0254587, 14.8661529], [121.02544, 14.8663913], [121.0253536, 14.8665884], [121.025235, 14.8667425], [121.0251837, 14.8669181], [121.0251415, 14.8670824], [121.0251391, 14.8671999], [121.0251911, 14.8672866], [121.0251689, 14.8675327], [121.0257955, 14.8753355], [121.0256687, 14.8870005], [121.0235387, 14.8940458], [121.0235174, 14.8939504], [121.0235006, 14.8938218], [121.023477, 14.8935884], [121.0234615, 14.8934735], [121.0233999, 14.8931832], [121.023381, 14.8931168], [121.0233234, 14.8929466], [121.023215, 14.8927795], [121.023087, 14.8926331], [121.0229221, 14.8925161], [121.0227409, 14.8924422], [121.0222125, 14.8923257], [121.0217637, 14.892234], [121.021524, 14.8921717], [121.0213001, 14.892054], [121.0211839, 14.8919274], [121.0202285, 14.8908435], [121.0200848, 14.8906514], [121.0200076, 14.8905515], [121.019594, 14.889973], [121.0194446, 14.8897514], [121.0192724, 14.8895082], [121.0191858, 14.8894046], [121.0191098, 14.8893247], [121.0187705, 14.8890113], [121.0186489, 14.8889156], [121.0185822, 14.8888679], [121.0184681, 14.8888191], [121.018362, 14.8887864], [121.0182409, 14.888782], [121.0181821, 14.8887871], [121.0180527, 14.8887946], [121.0179599, 14.8887939], [121.017892, 14.8887909], [121.0178243, 14.8887791], [121.0177572, 14.8887564], [121.0176402, 14.8887081], [121.0175477, 14.88866], [121.0174401, 14.8885953], [121.0173413, 14.8886085], [121.0172796, 14.8885994], [121.0168612, 14.8884944], [121.0166319, 14.8884386], [121.0165273, 14.8884147], [121.0160874, 14.8883046], [121.0158782, 14.8882864], [121.015559, 14.8882761], [121.0151728, 14.8882605], [121.014871, 14.8882339], [121.0145693, 14.8882139], [121.0142689, 14.8882346], [121.0137431, 14.888245], [121.0135889, 14.8882339], [121.0134749, 14.8881931], [121.0131531, 14.8879961], [121.0126917, 14.8877058], [121.01239, 14.8875567], [121.0122223, 14.8875016], [121.012048, 14.8874673], [121.0118898, 14.8874556], [121.0117623, 14.887444], [121.011533, 14.8873921], [121.0114096, 14.8873396], [121.0113184, 14.8872781], [121.0111494, 14.8871083], [121.0110715, 14.8870325], [121.0108287, 14.886725], [121.0106093, 14.8864506], [121.0104263, 14.8862705], [121.0102475, 14.8861579], [121.0100589, 14.8860576], [121.0097152, 14.8858992], [121.0094204, 14.8857975], [121.0091297, 14.8857357], [121.0088776, 14.8856774], [121.0085987, 14.8856035], [121.0084256, 14.8855769], [121.0082526, 14.8855711], [121.008022, 14.8855698], [121.0077619, 14.8855193], [120.9959979, 14.8866473], [120.9959638, 14.8868216], [120.9959849, 14.8869506], [120.9961425, 14.887175], [120.9962533, 14.887446], [120.9962048, 14.8876662], [120.9960536, 14.8877743], [120.9959786, 14.8879145], [120.9960242, 14.8882021], [120.9960442, 14.8883167], [120.9959267, 14.888459], [120.9958396, 14.8886741], [120.9958222, 14.8888644], [120.9959367, 14.8889881], [120.9961099, 14.8890894], [120.9963466, 14.8892126], [120.9965191, 14.8892196], [120.9967653, 14.8892271], [120.9969505, 14.8892843], [120.9970122, 14.8893557], [120.9970362, 14.889407], [120.9970243, 14.8894473], [120.9969867, 14.8894684], [120.9969658, 14.8895113], [120.9970187, 14.8896037], [120.9969939, 14.8896602], [120.9968501, 14.8897089], [120.9966487, 14.8897077], [120.9965372, 14.88973], [120.9963741, 14.889826], [120.9963348, 14.8900066], [120.9963589, 14.890158], [120.9964996, 14.890357], [120.9965901, 14.8904883], [120.9967962, 14.890614], [120.996988, 14.8906657], [120.9972897, 14.8906844], [120.9975186, 14.8907374], [120.9959175, 14.8943125], [120.9944859, 14.8943034], [120.9944859, 14.8939955], [120.9934342, 14.8938097], [120.9929261, 14.8939635], [120.9929276, 14.8943129], [120.9905811, 14.8944467], [120.9894573, 14.8941879], [120.9888309, 14.8936173], [120.989114, 14.8924764], [120.9887727, 14.892469], [120.9886504, 14.8912877], [120.9881283, 14.8912406], [120.9875362, 14.8907115], [120.9871045, 14.8900496], [120.98586, 14.8890433], [120.9858184, 14.8877005], [120.9837258, 14.8875733], [120.9838231, 14.8872188], [120.9837483, 14.8869583], [120.983636, 14.8866328], [120.9833066, 14.8866038], [120.9831344, 14.8865315], [120.983112, 14.8862349], [120.9830072, 14.8862059], [120.9829548, 14.8860178], [120.9828799, 14.8858659], [120.9826553, 14.885808], [120.9824161, 14.8856073], [120.9823195, 14.8856708], [120.9822538, 14.8858052], [120.9823058, 14.8862672], [120.9822479, 14.8863493], [120.9821783, 14.886353], [120.9820586, 14.8862896], [120.9819273, 14.8861701], [120.9817766, 14.8858453], [120.9815758, 14.8856997], [120.9814444, 14.8856549], [120.9813363, 14.8856811], [120.9812436, 14.8858491], [120.9812358, 14.8860395], [120.9811315, 14.8860021], [120.980923, 14.8857707], [120.9807993, 14.8856661], [120.9806603, 14.8856512], [120.9804362, 14.8857333], [120.980301, 14.8856736], [120.9803629, 14.8854123], [120.9804749, 14.885151], [120.9804478, 14.8848785], [120.9804324, 14.8847665], [120.980301, 14.8846843], [120.9800268, 14.8846918], [120.9795864, 14.8846321], [120.9793817, 14.8845425], [120.9791577, 14.8841804], [120.9790534, 14.8840124], [120.9789568, 14.8839004], [120.9788178, 14.8839041], [120.9786826, 14.884031], [120.9786053, 14.8842028], [120.9784353, 14.8845462], [120.9783272, 14.8846806], [120.9781611, 14.8847627], [120.9779448, 14.8850091], [120.9779757, 14.885151], [120.9779139, 14.885248], [120.9777825, 14.8853414], [120.9775585, 14.8853787], [120.977431, 14.8852928], [120.9773074, 14.8851846], [120.9771954, 14.8852368], [120.9771149, 14.885543], [120.977118, 14.8856802], [120.9770192, 14.8857656], [120.9768718, 14.8857216], [120.9768053, 14.8855803], [120.9768053, 14.8854384], [120.9766314, 14.8854496], [120.9765001, 14.885543], [120.9764074, 14.8856773], [120.9760752, 14.8860731], [120.975967, 14.886144], [120.9758318, 14.8861141], [120.9756696, 14.8860357], [120.9753954, 14.8860544], [120.9752408, 14.8860656], [120.9750825, 14.8859984], [120.9750323, 14.8857707], [120.9750014, 14.8855504], [120.9750516, 14.8853563], [120.9752679, 14.8849457], [120.975376, 14.8847851], [120.9754147, 14.8845761], [120.9753529, 14.8844939], [120.9751366, 14.8844939], [120.9748121, 14.8845798], [120.9745765, 14.884703], [120.9743292, 14.8847627], [120.974194, 14.8846769], [120.9741207, 14.884438], [120.9741631, 14.8842737], [120.9742056, 14.8840646], [120.974167, 14.8839526], [120.9739121, 14.8839078], [120.9736417, 14.8839526], [120.9734949, 14.8839041], [120.9734176, 14.8836615], [120.9734331, 14.8833815], [120.9733327, 14.8830903], [120.9731936, 14.8830156], [120.9729309, 14.8829671], [120.972703, 14.8829484], [120.9725215, 14.8828738], [120.9723824, 14.8827954], [120.9723167, 14.8826311], [120.9722588, 14.8822018], [120.9723322, 14.8820263], [120.972479, 14.8817911], [120.9724558, 14.8816381], [120.9722781, 14.8816045], [120.9721082, 14.8816343], [120.9719034, 14.8816941], [120.9716292, 14.8817837], [120.9714785, 14.881709], [120.9713588, 14.8816642], [120.9711811, 14.8815186], [120.9710536, 14.881373], [120.9709571, 14.8811304], [120.9709648, 14.8809549], [120.9711, 14.8804285], [120.9711579, 14.8802419], [120.9710913, 14.8797399], [120.9710913, 14.879277], [120.971184, 14.8785751], [120.9710681, 14.8776269], [120.9709754, 14.8773954], [120.9708827, 14.8770445], [120.9702956, 14.8765144], [120.9703187, 14.8761933], [120.9705196, 14.8755587], [120.9704192, 14.8750211], [120.9705196, 14.8741549], [120.9704501, 14.8738787], [120.9699357, 14.8735159], [120.969608, 14.872923], [120.9696543, 14.8727288], [120.9698552, 14.8725048], [120.9701951, 14.8722659], [120.9704037, 14.8720493], [120.9704037, 14.871788], [120.9703342, 14.8715939], [120.9701642, 14.8713997], [120.9697548, 14.8711384], [120.9693762, 14.8707725], [120.9691058, 14.8701827], [120.9687427, 14.8697197], [120.9687273, 14.8694285], [120.9687505, 14.8692568], [120.968905, 14.8690402], [120.9691754, 14.8689133], [120.969523, 14.8686594], [120.9695385, 14.8684802], [120.9694766, 14.8681144], [120.9692294, 14.8678008], [120.9688663, 14.8675543], [120.9683796, 14.8671661], [120.9682946, 14.8669869], [120.9683719, 14.8667031], [120.968511, 14.8665389], [120.9688243, 14.866329], [120.9689619, 14.8661779], [120.9690131, 14.8660871], [120.9690131, 14.8659266], [120.9688934, 14.8657996], [120.9687775, 14.8657287], [120.9686153, 14.86571], [120.9684105, 14.8657623], [120.9683024, 14.8657436], [120.9682522, 14.865613], [120.968229, 14.8654263], [120.9683101, 14.8653143], [120.9684955, 14.8652508], [120.9685921, 14.86515], [120.9685167, 14.8649133], [120.9684183, 14.8647879], [120.9682753, 14.8647431], [120.9680938, 14.8647617], [120.9679547, 14.8648849], [120.9678543, 14.8650044], [120.9677036, 14.8651724], [120.9675607, 14.8651761], [120.9674757, 14.8650231], [120.9674642, 14.8649111], [120.9674757, 14.8647356], [120.967468, 14.86459], [120.9673174, 14.8642316], [120.9671976, 14.864183], [120.9669311, 14.8641532], [120.9665216, 14.864086], [120.9662744, 14.8639702], [120.9660543, 14.8638396], [120.965865, 14.8634923], [120.9654478, 14.8632049], [120.9651735, 14.8629958], [120.9650422, 14.86288], [120.9648645, 14.8627195], [120.9647486, 14.8625291], [120.9646637, 14.8621109], [120.9645864, 14.8619653], [120.9644589, 14.861872], [120.9643122, 14.8617936], [120.9641461, 14.8616517], [120.9639375, 14.861256], [120.9636941, 14.8610357], [120.9635242, 14.8609983], [120.9633078, 14.861017], [120.9631379, 14.8610581], [120.9630104, 14.8610058], [120.962937, 14.8609349], [120.9625855, 14.8606959], [120.9623422, 14.8605316], [120.9620756, 14.8603412], [120.9619906, 14.8602031], [120.9619211, 14.8599828], [120.9618632, 14.8594937], [120.9618323, 14.859266], [120.9618361, 14.8591241], [120.9620177, 14.8589598], [120.9621567, 14.8587993], [120.9622185, 14.858523], [120.9623151, 14.8583848], [120.9627453, 14.8580165], [120.9629236, 14.857734], [120.9628833, 14.8575668], [120.9625944, 14.857218], [120.9624118, 14.8568806], [120.9623976, 14.8567355], [120.9623497, 14.8566049], [120.9622553, 14.8563286], [120.9621273, 14.8561897], [120.9620354, 14.8559167], [120.9620544, 14.8557486], [120.9621638, 14.8555762], [120.9623564, 14.8554312], [120.9624307, 14.8553329], [120.962451, 14.8552304], [120.9623673, 14.8551254], [120.9621043, 14.8549102], [120.9620063, 14.8548203], [120.9618797, 14.8547819], [120.9616894, 14.8548305], [120.9615426, 14.8548528], [120.9612836, 14.8553461], [120.9610355, 14.8552771], [120.9604274, 14.8560354], [120.9569855, 14.8558124], [120.9569822, 14.8551216], [120.9569044, 14.8551268], [120.9568371, 14.8540677], [120.9560058, 14.8541285], [120.9560012, 14.8538102], [120.9556599, 14.8536222], [120.9552225, 14.853619], [120.9551384, 14.8528062], [120.954999, 14.8522558], [120.9549263, 14.8517842], [120.9531047, 14.8516879], [120.9532944, 14.8505663], [120.9533086, 14.8490027], [120.9541907, 14.8488269], [120.9542412, 14.8477935], [120.9539372, 14.8477963], [120.9539155, 14.8470025], [120.9509915, 14.8470106], [120.9509674, 14.8451245], [120.9508932, 14.8438261], [120.9527059, 14.8436593], [120.9527458, 14.8418943], [120.9525714, 14.8416984], [120.9511869, 14.8401427], [120.9513037, 14.8383078], [120.9516822, 14.8380091], [120.9517918, 14.836533], [120.9522053, 14.8356788], [120.9531001, 14.8343771], [120.9522518, 14.8327167], [120.9521935, 14.8315652], [120.9514086, 14.8315798], [120.9506188, 14.8313306], [120.9496626, 14.8312864], [120.9500329, 14.8306007], [120.9490678, 14.825055], [120.9478737, 14.8245159], [120.9489619, 14.8232396], [120.9489184, 14.8228414], [120.9489484, 14.8228304], [120.9485383, 14.8221502], [120.9483026, 14.8218616], [120.9474099, 14.8216425], [120.9473735, 14.8218816], [120.9470115, 14.8216685], [120.9466763, 14.8213794], [120.946841, 14.8198358], [120.9467395, 14.8198154], [120.9468487, 14.8190149], [120.9453629, 14.81789], [120.9441432, 14.8169665], [120.9441924, 14.8169043], [120.9442025, 14.8168821], [120.9441892, 14.816863], [120.9437463, 14.8166858], [120.9437153, 14.8166331], [120.9436769, 14.8165148], [120.9436843, 14.816442], [120.9436814, 14.8163765], [120.9436692, 14.8162761], [120.9436201, 14.8161501], [120.9434604, 14.8158345], [120.9434055, 14.8157293], [120.9432716, 14.8155934], [120.9431551, 14.8154811], [120.9429499, 14.8152947], [120.9429029, 14.8152848], [120.9428842, 14.8152642], [120.9429059, 14.815216], [120.9428917, 14.8151868], [120.9428506, 14.8151583], [120.9428258, 14.8151344], [120.9428352, 14.8150689], [120.9428088, 14.8150191], [120.9427497, 14.8149832], [120.9426775, 14.8149049], [120.9426753, 14.8148097], [120.9427256, 14.8146807], [120.9427508, 14.8145971], [120.9428152, 14.8145121], [120.9428189, 14.8144372], [120.9427563, 14.8143655], [120.9426775, 14.8142788], [120.9425966, 14.8141857], [120.9425134, 14.8140821], [120.9424788, 14.8137217]]]}}, {"type": "Feature", "properties": {"municipality": "Concepcion", "province": "Tarlac", "lat": 15.3248528, "lon": 120.6553857}, "geometry": {"type": "Polygon", "coordinates": [[[120.6013217, 15.3784319], [120.6086602, 15.3620142], [120.6178761, 15.3265157], [120.6119661, 15.3159406], [120.611156, 15.3145369], [120.617789, 15.3080517], [120.6198992, 15.297039], [120.6223799, 15.2840959], [120.6224347, 15.2838056], [120.6262095, 15.2632628], [120.6308698, 15.2638994], [120.6349897, 15.2656434], [120.6411052, 15.2702855], [120.6467485, 15.2737941], [120.6504044, 15.2743815], [120.652526, 15.2748989], [120.6579709, 15.2762367], [120.6614685, 15.2725211], [120.6717253, 15.2629472], [120.6756949, 15.2603802], [120.6804156, 15.2597385], [120.6842655, 15.2603563], [120.6933331, 15.2628023], [120.6966394, 15.2631158], [120.6987513, 15.2639205], [120.7002854, 15.2631944], [120.7022729, 15.2644895], [120.7031535, 15.2702566], [120.7046927, 15.2710114], [120.7059906, 15.2734588], [120.7076491, 15.2741694], [120.7140468, 15.2752768], [120.7189078, 15.2748741], [120.7245927, 15.2756962], [120.7301053, 15.2749208], [120.7345174, 15.2771015], [120.7368572, 15.2789229], [120.7407036, 15.2808222], [120.7434412, 15.2759216], [120.7494254, 15.2743277], [120.7487802, 15.2880331], [120.7467712, 15.291994], [120.7442487, 15.2949822], [120.7419214, 15.3007926], [120.7528703, 15.3156892], [120.7557901, 15.3189638], [120.7559265, 15.3224965], [120.7557094, 15.3232465], [120.7542129, 15.3239711], [120.7531343, 15.3249689], [120.7517824, 15.3250667], [120.7504105, 15.3253314], [120.7493849, 15.3251337], [120.7477646, 15.3260657], [120.7465371, 15.3260233], [120.7447667, 15.326289], [120.7421991, 15.3286303], [120.7418211, 15.3291821], [120.7419602, 15.3299486], [120.7423776, 15.3302541], [120.7415112, 15.3314977], [120.7398174, 15.3323166], [120.7385011, 15.3335861], [120.7389658, 15.3343564], [120.7391979, 15.3347536], [120.7390798, 15.3352415], [120.7385805, 15.3357703], [120.7379749, 15.3365692], [120.7373885, 15.3369681], [120.7372929, 15.3376386], [120.7378435, 15.338268], [120.7382275, 15.3392005], [120.738896, 15.34134], [120.7388398, 15.3421693], [120.7384343, 15.3434166], [120.7380352, 15.3440166], [120.7377915, 15.3453429], [120.737857, 15.3462634], [120.7377617, 15.3476237], [120.7369795, 15.3484455], [120.7366033, 15.349179], [120.7365924, 15.3494957], [120.7366703, 15.34968], [120.7368156, 15.3498086], [120.7372634, 15.3505288], [120.7375395, 15.3510351], [120.7377671, 15.3518298], [120.7376962, 15.3523281], [120.7378673, 15.3527075], [120.7383114, 15.352714], [120.7390376, 15.3522695], [120.7393838, 15.3527844], [120.7389844, 15.3535203], [120.7392087, 15.3537764], [120.739576, 15.353645], [120.7399623, 15.3538232], [120.7403033, 15.355706], [120.7405279, 15.3561008], [120.7415525, 15.3568143], [120.7409244, 15.3574532], [120.7408197, 15.35783], [120.7417016, 15.3582695], [120.7413862, 15.3589867], [120.7410119, 15.3594047], [120.741509, 15.3596934], [120.7412365, 15.360328], [120.7406352, 15.3605949], [120.7394964, 15.3596882], [120.7388437, 15.3598417], [120.7384594, 15.3599742], [120.7385777, 15.3622047], [120.7388351, 15.3649152], [120.740049, 15.3661002], [120.739436, 15.367874], [120.7366129, 15.3687423], [120.732783, 15.3694145], [120.7299804, 15.3720379], [120.7207034, 15.3762121], [120.7165479, 15.38264], [120.714311, 15.3844865], [120.7098355, 15.3833451], [120.7053558, 15.3827377], [120.705145, 15.383374], [120.7014481, 15.3865922], [120.7000469, 15.3891023], [120.6980388, 15.3885671], [120.6949911, 15.3912582], [120.6864241, 15.4000362], [120.6773294, 15.402456], [120.6689207, 15.4056196], [120.6686114, 15.4083277], [120.6629374, 15.4104199], [120.6601488, 15.4114976], [120.6546299, 15.4170976], [120.6519731, 15.417057], [120.644491, 15.4212427], [120.6397677, 15.4203789], [120.632243, 15.4136607], [120.620155, 15.4087812], [120.6131626, 15.4107527], [120.611137, 15.4126357], [120.6072186, 15.4096101], [120.6019334, 15.4091152], [120.6013217, 15.3784319]]]}}, {"type": "Feature", "properties": {"municipality": "Sta. Rosa", "province": "Nueva Ecija", "lat": 15.4247135, "lon": 120.9380468}, "geometry": {"type": "Polygon", "coordinates": [[[120.8514096, 15.439147], [120.8523967, 15.4370841], [120.8538971, 15.4364072], [120.8581457, 15.4346284], [120.8590727, 15.4341692], [120.8596048, 15.4334494], [120.8590394, 15.4315038], [120.8622342, 15.4286024], [120.864277, 15.4260706], [120.8669463, 15.4201216], [120.8705512, 15.4152316], [120.8712378, 15.4149254], [120.8750916, 15.4159183], [120.890718, 15.408417], [120.8914921, 15.408132], [120.8919974, 15.4080543], [120.8924651, 15.4084948], [120.893008, 15.4085622], [120.8936477, 15.4085622], [120.8942605, 15.4080543], [120.8950185, 15.4081735], [120.8957603, 15.408246], [120.8963409, 15.4081787], [120.8969376, 15.4079403], [120.8975397, 15.407733], [120.8977332, 15.4076967], [120.8982385, 15.4078366], [120.8985342, 15.4074479], [120.8987761, 15.4072044], [120.8988298, 15.4067846], [120.8991577, 15.4067794], [120.8998673, 15.4066602], [120.9004533, 15.4069297], [120.9009371, 15.4068416], [120.9017703, 15.4068986], [120.9023347, 15.4074635], [120.9026707, 15.4076915], [120.9135242, 15.4059248], [120.9149312, 15.4055262], [120.9159697, 15.4055149], [120.9175385, 15.4057448], [120.918352, 15.4062559], [120.9191455, 15.4063684], [120.9203424, 15.4060534], [120.9210493, 15.4054491], [120.9217161, 15.4050312], [120.9224062, 15.4048384], [120.9230797, 15.404713], [120.9236432, 15.4046294], [120.9243533, 15.4047837], [120.9252469, 15.4051212], [120.9265905, 15.4045941], [120.9274073, 15.4045234], [120.9291811, 15.403498], [120.9299312, 15.4033791], [120.9312632, 15.4009147], [120.9316768, 15.4007874], [120.9319099, 15.4005754], [120.9323455, 15.4005796], [120.9328514, 15.4001385], [120.9341526, 15.3998693], [120.9365092, 15.3993213], [120.9382227, 15.3985543], [120.9384382, 15.3988713], [120.9387015, 15.3993764], [120.9394955, 15.3999727], [120.9405254, 15.400283], [120.9412765, 15.400252], [120.9418773, 15.3997658], [120.9424674, 15.399321], [120.9432398, 15.398973], [120.9437655, 15.3989073], [120.9438345, 15.3990168], [120.9439479, 15.3991969], [120.9437763, 15.3998315], [120.9436368, 15.4004071], [120.9438514, 15.4009346], [120.9443664, 15.4010484], [120.9449564, 15.400914], [120.945568, 15.4004485], [120.9461688, 15.3999313], [120.9464265, 15.399818], [120.9467484, 15.3999007], [120.9475423, 15.4002938], [120.948075, 15.4007168], [120.9485293, 15.4009868], [120.9491838, 15.4007903], [120.9498882, 15.4005203], [120.9505142, 15.4007179], [120.9506966, 15.4010695], [120.9508897, 15.4014522], [120.9513081, 15.4018763], [120.9518446, 15.401866], [120.9523166, 15.4015557], [120.9531964, 15.401235], [120.9538187, 15.4012557], [120.9539416, 15.4013829], [120.9539541, 15.401492], [120.9539458, 15.4016611], [120.9538802, 15.4017351], [120.9538388, 15.4018724], [120.9538365, 15.4020785], [120.9540906, 15.4025489], [120.9542926, 15.4027279], [120.9545375, 15.4027762], [120.9552689, 15.4025833], [120.955696, 15.4024162], [120.9559537, 15.4024039], [120.9561469, 15.4024628], [120.9564365, 15.4027969], [120.95693, 15.4034175], [120.9569729, 15.4038002], [120.9572519, 15.4043795], [120.9576167, 15.404638], [120.9579562, 15.4045439], [120.9581317, 15.4041933], [120.9588719, 15.4036761], [120.9597946, 15.40289], [120.9611357, 15.402197], [120.9614876, 15.4021366], [120.9618331, 15.4021763], [120.9619838, 15.402295], [120.962037, 15.4024763], [120.9620439, 15.4028579], [120.9618042, 15.4034557], [120.9618815, 15.4036681], [120.9620659, 15.4037459], [120.9622848, 15.4036936], [120.9624421, 15.4034754], [120.9626003, 15.4028158], [120.9627076, 15.402586], [120.9629152, 15.4024929], [120.9631812, 15.4025063], [120.9635996, 15.4027442], [120.9641505, 15.4031693], [120.9648586, 15.4033555], [120.9653414, 15.4033037], [120.9657706, 15.4029521], [120.9665715, 15.4024235], [120.9667147, 15.4018039], [120.9664572, 15.4013281], [120.966189, 15.4008213], [120.9661676, 15.4002938], [120.9663178, 15.3997352], [120.9669186, 15.3992077], [120.9676444, 15.3991342], [120.9681417, 15.3994973], [120.9688927, 15.399818], [120.9695042, 15.3996938], [120.9697687, 15.3991756], [120.9698797, 15.3986802], [120.9699199, 15.398384], [120.9700239, 15.3982509], [120.9702117, 15.3981957], [120.9703967, 15.3983362], [120.9706501, 15.3986383], [120.9712852, 15.3988043], [120.9715661, 15.3987518], [120.9722539, 15.3983878], [120.9726692, 15.397894], [120.9729053, 15.3971803], [120.9728548, 15.3968605], [120.9727298, 15.3966724], [120.9723329, 15.3963414], [120.9719418, 15.3963569], [120.97165, 15.3962287], [120.9714403, 15.3960126], [120.9713673, 15.3957725], [120.9713847, 15.3953974], [120.9716071, 15.395184], [120.9720861, 15.3948933], [120.9724654, 15.3942323], [120.9731413, 15.3936117], [120.9739053, 15.3934179], [120.9742097, 15.3934857], [120.9744985, 15.3933947], [120.9750162, 15.3932248], [120.9756518, 15.3931566], [120.9761577, 15.3931713], [120.9763314, 15.3933117], [120.9764672, 15.3936841], [120.976627, 15.3941803], [120.9767247, 15.3942634], [120.9771861, 15.3943875], [120.9776045, 15.3945737], [120.9778834, 15.3947702], [120.9778405, 15.3951943], [120.9780766, 15.3956184], [120.9784628, 15.3957529], [120.9789563, 15.3956184], [120.9792458, 15.3955692], [120.9796285, 15.3957415], [120.9801901, 15.3961563], [120.9803511, 15.3971389], [120.9805941, 15.3976861], [120.9807199, 15.3977846], [120.9811128, 15.3978113], [120.9819819, 15.3976975], [120.9828723, 15.3977389], [120.9832617, 15.3976673], [120.9834088, 15.3975837], [120.9834776, 15.3974253], [120.9834594, 15.397219], [120.9833299, 15.3968483], [120.9833358, 15.3964492], [120.983441, 15.3962597], [120.983749, 15.3959873], [120.9839452, 15.3960322], [120.984286, 15.396088], [120.984546, 15.3960839], [120.985061, 15.3958667], [120.9852434, 15.3953702], [120.9856404, 15.3949978], [120.9864772, 15.3944289], [120.9869922, 15.3944702], [120.9873892, 15.3946771], [120.9877273, 15.3947327], [120.988269, 15.3948219], [120.9887196, 15.3949771], [120.9889127, 15.3953391], [120.9889341, 15.3960839], [120.988741, 15.3970045], [120.9885479, 15.3980182], [120.9886123, 15.3983595], [120.989256, 15.3983388], [120.9901295, 15.3973456], [120.9904175, 15.397065], [120.9909292, 15.3969102], [120.9913374, 15.396901], [120.9920562, 15.3971803], [120.9924837, 15.3972577], [120.9928182, 15.3972225], [120.9929482, 15.3972918], [120.9930969, 15.3974389], [120.9934043, 15.3980688], [120.9938158, 15.3987215], [120.9945668, 15.3993422], [120.9952856, 15.3997249], [120.9955789, 15.3997227], [120.9957791, 15.3996007], [120.9961976, 15.3991663], [120.9966778, 15.3988617], [120.9973125, 15.3986012], [120.9977333, 15.3986908], [120.9980206, 15.3987385], [120.998235, 15.3989872], [120.9983004, 15.3994456], [120.9984204, 15.3999606], [120.9984007, 15.4004576], [120.9980531, 15.4011324], [120.997491, 15.4018361], [120.9972812, 15.4024349], [120.9973616, 15.4026525], [120.9976011, 15.4030909], [120.9978283, 15.4031072], [120.9982276, 15.4030416], [120.9985257, 15.4030348], [120.9989871, 15.4029521], [120.9993948, 15.4026314], [121.0000599, 15.4024452], [121.0008753, 15.4026728], [121.0014225, 15.4029934], [121.0016478, 15.4034692], [121.0017658, 15.4040071], [121.0018041, 15.4043691], [121.0017229, 15.4047311], [121.0015437, 15.4051012], [121.0015513, 15.4055793], [121.0016712, 15.406301], [121.0015656, 15.4067759], [121.0013796, 15.4073273], [121.0014099, 15.4076754], [121.0016424, 15.4078454], [121.0020581, 15.407929], [121.0023667, 15.4079826], [121.0025594, 15.4079173], [121.002849, 15.4075721], [121.0032357, 15.4073997], [121.0035282, 15.4073765], [121.00369, 15.407429], [121.0037866, 15.407599], [121.0037936, 15.4077617], [121.0037721, 15.4083927], [121.003472, 15.40897], [121.0031284, 15.4093339], [121.0028274, 15.4098964], [121.0025927, 15.4102448], [121.0026046, 15.4104239], [121.0029782, 15.4110405], [121.0032893, 15.41193], [121.0035039, 15.4124678], [121.0036933, 15.4128495], [121.0042871, 15.4132229], [121.004845, 15.4140917], [121.0055156, 15.4143597], [121.006111, 15.4144744], [121.0064758, 15.4145054], [121.0072723, 15.414257], [121.0076524, 15.413897], [121.0078156, 15.413886], [121.0080984, 15.4140263], [121.0083211, 15.4143709], [121.0085485, 15.414572], [121.008761, 15.4147226], [121.0089279, 15.4147775], [121.0097374, 15.4146812], [121.0099116, 15.4147515], [121.0100914, 15.4150329], [121.0101021, 15.4156224], [121.010424, 15.4159327], [121.0109312, 15.4162786], [121.0111919, 15.4163811], [121.0116868, 15.4161877], [121.0123337, 15.4157465], [121.0126274, 15.4156894], [121.0128165, 15.4157259], [121.013041, 15.4158987], [121.0130488, 15.4161075], [121.0129756, 15.4164402], [121.0129557, 15.4167292], [121.0130703, 15.4168418], [121.0134458, 15.4170073], [121.0144006, 15.4169453], [121.0148727, 15.417028], [121.0153056, 15.4173497], [121.0154451, 15.4180323], [121.0154129, 15.4190666], [121.0154558, 15.420256], [121.0155631, 15.4211041], [121.0159349, 15.4215167], [121.0171617, 15.4223452], [121.0182346, 15.4229347], [121.0191144, 15.4231002], [121.0193397, 15.4233174], [121.0193145, 15.4236266], [121.0190248, 15.4244643], [121.018932, 15.4247446], [121.0190178, 15.4250032], [121.0200049, 15.4253858], [121.0209667, 15.4256641], [121.0212135, 15.4259743], [121.0217284, 15.4260467], [121.0223008, 15.4257478], [121.0231055, 15.4254065], [121.0240604, 15.4252617], [121.024593, 15.4253331], [121.0248543, 15.4257582], [121.0246896, 15.4265018], [121.024511, 15.4270613], [121.0245968, 15.427506], [121.0250581, 15.427868], [121.025498, 15.4276094], [121.0259272, 15.4272992], [121.0265173, 15.4272578], [121.0272967, 15.4276291], [121.0276331, 15.4276198], [121.0282231, 15.4266062], [121.0291136, 15.4250135], [121.0295106, 15.4246412], [121.030208, 15.424424], [121.0310985, 15.4242895], [121.0324288, 15.4242378], [121.0335017, 15.4241758], [121.0342527, 15.4237311], [121.0343708, 15.4231209], [121.034875, 15.4225106], [121.0355686, 15.4224993], [121.0358835, 15.4227796], [121.0359871, 15.4235645], [121.0364302, 15.4239793], [121.0369237, 15.4238035], [121.0375889, 15.4233587], [121.0381468, 15.4230898], [121.0386081, 15.4235139], [121.0393774, 15.4237921], [121.0400994, 15.4237517], [121.0410114, 15.4231726], [121.041952, 15.4226732], [121.0422721, 15.4225416], [121.0426484, 15.4225693], [121.0429635, 15.4228441], [121.0431708, 15.4229322], [121.043471, 15.4229523], [121.0440635, 15.4232449], [121.0445448, 15.4238689], [121.0452139, 15.4242575], [121.0456248, 15.4241034], [121.0461151, 15.4234611], [121.0469873, 15.4229243], [121.0477686, 15.4224209], [121.048151, 15.4223219], [121.0490665, 15.4227604], [121.0707655, 15.4429597], [121.0842478, 15.4404337], [121.0858771, 15.4467336], [121.0875345, 15.453141], [121.0888247, 15.4547329], [121.0901633, 15.4558544], [121.0908529, 15.4553536], [121.0957671, 15.4621171], [121.0947857, 15.4625369], [121.0943113, 15.4631706], [121.0943918, 15.4635864], [121.0950794, 15.4639063], [121.0959571, 15.4641979], [121.0971896, 15.4644261], [121.0978774, 15.4650872], [121.0977529, 15.465606], [121.0967945, 15.4667505], [121.0955472, 15.467692], [121.0950526, 15.4684835], [121.095318, 15.4689348], [121.0958788, 15.4693149], [121.0975997, 15.4691861], [121.0997787, 15.4694596], [121.1016632, 15.4705857], [121.1020862, 15.4713627], [121.1027777, 15.471769], [121.1041203, 15.4719543], [121.1042076, 15.4723176], [121.1042075, 15.4731085], [121.1035059, 15.4740418], [121.1019845, 15.474487], [121.1002834, 15.4741424], [121.0995791, 15.4747584], [121.0982091, 15.4766268], [121.0971748, 15.4777063], [121.0961792, 15.4781147], [121.0947522, 15.4779286], [121.0937228, 15.4783804], [121.0934862, 15.4789936], [121.0939159, 15.4795902], [121.0950854, 15.4801382], [121.0958895, 15.4806066], [121.0962226, 15.4810998], [121.0959222, 15.4819786], [121.0954716, 15.4832504], [121.0949883, 15.4845769], [121.0944139, 15.4857992], [121.0942983, 15.4860453], [121.0939583, 15.4867689], [121.093615, 15.4880509], [121.093615, 15.4887437], [121.0935082, 15.4892059], [121.0934433, 15.4914422], [121.0935662, 15.492096], [121.0901379, 15.4908642], [121.0871605, 15.4883671], [121.0851149, 15.4842318], [121.0836734, 15.4834696], [121.0832075, 15.4791607], [121.0811118, 15.4681403], [121.0815763, 15.4679912], [121.0819467, 15.4678599], [121.0822481, 15.4677659], [121.081803, 15.4654232], [121.0787047, 15.4585119], [121.0727077, 15.4559566], [121.0723853, 15.4524216], [121.0719846, 15.4524029], [121.0717778, 15.4524092], [121.0715387, 15.4523469], [121.0713513, 15.4522535], [121.0712285, 15.4521538], [121.0709958, 15.452023], [121.0708149, 15.4520105], [121.0705887, 15.4520292], [121.0703122, 15.4522088], [121.0700821, 15.4526579], [121.0695011, 15.4528575], [121.0693228, 15.4530903], [121.0689489, 15.4532345], [121.0685232, 15.4533897], [121.0673554, 15.453983], [121.066809, 15.4541105], [121.0658081, 15.4541549], [121.0653134, 15.4544875], [121.064974, 15.4548036], [121.0643872, 15.4546428], [121.0633806, 15.4545929], [121.0630814, 15.4545762], [121.0627593, 15.4542879], [121.0623336, 15.4541271], [121.0616318, 15.4540218], [121.060792, 15.4541881], [121.0603433, 15.4543822], [121.0598774, 15.4543766], [121.0593136, 15.4544598], [121.0588362, 15.4544044], [121.0585716, 15.4544709], [121.0581114, 15.454676], [121.0579561, 15.4545873], [121.0577087, 15.4547647], [121.0570875, 15.4549422], [121.056564, 15.4551695], [121.0562879, 15.4555354], [121.0561671, 15.456295], [121.0559715, 15.4566997], [121.0557644, 15.4568938], [121.0555286, 15.4569049], [121.0552985, 15.4569548], [121.0550396, 15.4570324], [121.0548901, 15.4569215], [121.0547865, 15.4571155], [121.0546082, 15.4571599], [121.0544471, 15.4570767], [121.0543839, 15.4571155], [121.0543206, 15.4573429], [121.054171, 15.4574371], [121.0538892, 15.457426], [121.0536648, 15.4572486], [121.0533599, 15.4573207], [121.0531701, 15.4571488], [121.052825, 15.4568439], [121.0524223, 15.4565057], [121.0520254, 15.4562673], [121.0516227, 15.4560621], [121.0513466, 15.4559734], [121.0513466, 15.4555021], [121.0511625, 15.4553857], [121.0508289, 15.4553026], [121.0507599, 15.4553746], [121.0505758, 15.4553746], [121.0504665, 15.4549865], [121.0501386, 15.4550364], [121.0499026, 15.4548964], [121.0497657, 15.4548217], [121.0495751, 15.4547442], [121.0494381, 15.4546323], [121.0493815, 15.4545174], [121.0493517, 15.4544256], [121.0492832, 15.4543079], [121.0491522, 15.4542763], [121.0488692, 15.4542706], [121.0486905, 15.4542534], [121.048631, 15.4542304], [121.0485565, 15.4541443], [121.0484791, 15.4540438], [121.048348, 15.4539491], [121.048214, 15.4538429], [121.048168, 15.4537256], [121.0479088, 15.4535573], [121.0474241, 15.4535138], [121.047272, 15.4534486], [121.0472495, 15.4529272], [121.0469057, 15.4528403], [121.0467141, 15.4526068], [121.0466465, 15.4523406], [121.0468775, 15.452031], [121.0467761, 15.4518518], [121.0465845, 15.4518138], [121.0462802, 15.451917], [121.0460886, 15.451754], [121.0459479, 15.4517492], [121.0454519, 15.4517323], [121.0452434, 15.4515911], [121.045187, 15.4513793], [121.0449053, 15.4512055], [121.0444263, 15.4512543], [121.0442009, 15.4513901], [121.0438853, 15.4513684], [121.043705, 15.4512326], [121.0436768, 15.4510371], [121.0434796, 15.4505863], [121.0433162, 15.4505483], [121.0429442, 15.4505591], [121.0426907, 15.4506134], [121.0423075, 15.4505646], [121.0418792, 15.450532], [121.0411974, 15.4504722], [121.0405775, 15.4505971], [121.040183, 15.4504939], [121.039659, 15.4506026], [121.0391405, 15.4505971], [121.0387799, 15.4503853], [121.0385939, 15.4500812], [121.0382164, 15.4497444], [121.0379177, 15.4497335], [121.0371626, 15.4497661], [121.0364188, 15.4495652], [121.0360018, 15.4493262], [121.0356355, 15.4490112], [121.0354101, 15.4486635], [121.035489, 15.448229], [121.0352974, 15.4479086], [121.0350945, 15.4477347], [121.0346437, 15.4474795], [121.0341591, 15.4473437], [121.0339957, 15.4470884], [121.0335449, 15.4467679], [121.0330884, 15.446567], [121.0325587, 15.4465615], [121.0321925, 15.4467082], [121.0318994, 15.4467516], [121.0315782, 15.4466321], [121.0309696, 15.4467951], [121.0307286, 15.4467861], [121.0302345, 15.4466632], [121.0297086, 15.4470011], [121.0295173, 15.4466478], [121.029071, 15.4464942], [121.0286407, 15.4463559], [121.0285929, 15.4458028], [121.0281466, 15.445557], [121.0277163, 15.4453573], [121.0277322, 15.4450501], [121.0275409, 15.4447889], [121.0269353, 15.4452959], [121.0264571, 15.445004], [121.0261224, 15.4451576], [121.0256761, 15.445004], [121.0253912, 15.4450093], [121.0252122, 15.4448838], [121.0249559, 15.444676], [121.024785, 15.4444368], [121.0245897, 15.4442721], [121.0246372, 15.4440939], [121.0244656, 15.4439801], [121.0242295, 15.4439853], [121.0240954, 15.4438301], [121.024033, 15.4437438], [121.0239721, 15.4436595], [121.0236877, 15.4436492], [121.0234249, 15.4436026], [121.0232854, 15.4436699], [121.0232586, 15.4438095], [121.0233122, 15.4439491], [121.0231513, 15.4440577], [121.0229314, 15.4440835], [121.0227758, 15.4440421], [121.0226363, 15.4440421], [121.0225076, 15.4442386], [121.0224647, 15.4443886], [121.0222554, 15.444461], [121.0221374, 15.444342], [121.0219497, 15.4442335], [121.0217297, 15.4442541], [121.0216171, 15.4443627], [121.0215849, 15.4445592], [121.021381, 15.4446161], [121.0212201, 15.4445282], [121.0211075, 15.4443679], [121.0209841, 15.4442955], [121.0208017, 15.4443524], [121.0206247, 15.4443317], [121.0204369, 15.4442335], [121.0201848, 15.4441456], [121.0199809, 15.4442128], [121.0199326, 15.4444351], [121.0199541, 15.4446471], [121.0197663, 15.444766], [121.0194713, 15.4447816], [121.0191709, 15.4447971], [121.0188866, 15.4448333], [121.0186559, 15.4449625], [121.0185862, 15.4450659], [121.0185754, 15.4452469], [121.0186076, 15.4454796], [121.0183931, 15.4455882], [121.0182321, 15.4455934], [121.0181946, 15.4457433], [121.0179264, 15.4458674], [121.0177493, 15.4458881], [121.0175991, 15.4461208], [121.0175616, 15.4462707], [121.0172558, 15.4463276], [121.0171002, 15.4464362], [121.0170496, 15.4465103], [121.0169661, 15.4466327], [121.0168696, 15.4467464], [121.0166282, 15.4466999], [121.0163331, 15.4464982], [121.0161346, 15.4463224], [121.0158503, 15.4463431], [121.0156411, 15.4463793], [121.015389, 15.4463586], [121.0151959, 15.4464982], [121.0150135, 15.4464413], [121.0149545, 15.44625], [121.0149116, 15.4460432], [121.0148364, 15.4458674], [121.0145092, 15.4457071], [121.0143751, 15.4455572], [121.0144019, 15.4453038], [121.0142088, 15.4451797], [121.0139942, 15.4452883], [121.0139352, 15.4454589], [121.0138977, 15.4456037], [121.0138011, 15.4457485], [121.013667, 15.4457226], [121.0135114, 15.4456502], [121.0133827, 15.4457019], [121.0132808, 15.4458777], [121.013152, 15.4459967], [121.0129643, 15.445976], [121.0128087, 15.4460018], [121.0127068, 15.4459501], [121.0127336, 15.4457071], [121.0126049, 15.4455055], [121.0124278, 15.4454796], [121.0123474, 15.4456192], [121.0121489, 15.4458105], [121.0119289, 15.4459036], [121.0116929, 15.4459243], [121.0115963, 15.4460587], [121.0115856, 15.4462552], [121.0113281, 15.4468291], [121.011135, 15.4471135], [121.0113013, 15.4473462], [121.0113549, 15.4475737], [121.0111618, 15.4477805], [121.0111457, 15.4478633], [121.0113549, 15.447946], [121.0114622, 15.448158], [121.0113067, 15.4483131], [121.011076, 15.4483803], [121.0107595, 15.4483338], [121.0103786, 15.44837], [121.0101962, 15.448339], [121.010164, 15.4481063], [121.0100889, 15.4479357], [121.0098422, 15.4479253], [121.0094828, 15.4480029], [121.0092682, 15.4481218], [121.0090912, 15.4482769], [121.008957, 15.4486285], [121.0087049, 15.4488405], [121.0086781, 15.4493317], [121.0086137, 15.4494455], [121.0083831, 15.4493007], [121.0081524, 15.449218], [121.0080773, 15.4492852], [121.0081309, 15.4493834], [121.0080719, 15.4495179], [121.0077286, 15.449673], [121.0074818, 15.449766], [121.0074818, 15.4499367], [121.007793, 15.4502314], [121.0077822, 15.4504175], [121.0076106, 15.4505106], [121.0075623, 15.4507071], [121.0073993, 15.4508272], [121.0071761, 15.4509915], [121.0072082, 15.4511001], [121.0073155, 15.4514155], [121.0071439, 15.4516068], [121.0070044, 15.4517309], [121.0067523, 15.4517981], [121.0066986, 15.451948], [121.006822, 15.452098], [121.0068596, 15.4523306], [121.006704, 15.4524961], [121.0064465, 15.4526098], [121.0061783, 15.4526667], [121.0061654, 15.4527077], [121.0059274, 15.452628], [121.005824, 15.4526174], [121.0057185, 15.4526237], [121.0056085, 15.4526555], [121.005492, 15.4527382], [121.0053402, 15.4529078], [121.0052435, 15.4530816], [121.0051687, 15.4531049], [121.0050933, 15.4531989], [121.0049217, 15.4532674], [121.0048587, 15.453302], [121.0047575, 15.4533189], [121.0046168, 15.4533465], [121.0045706, 15.4534122], [121.0045354, 15.4536093], [121.0043485, 15.4536856], [121.0042627, 15.4536729], [121.0041352, 15.4535987], [121.0040472, 15.4536072], [121.0039329, 15.4537216], [121.0038273, 15.4538276], [121.0037526, 15.4538467], [121.00368, 15.4538531], [121.0035459, 15.4538276], [121.0034139, 15.4538022], [121.003271, 15.4537768], [121.0031236, 15.4537789], [121.0029785, 15.4538022], [121.0029037, 15.4538191], [121.002763, 15.4537979], [121.0026157, 15.4538064], [121.0025255, 15.4538658], [121.0024552, 15.4539781], [121.0023892, 15.4540904], [121.0023364, 15.4542452], [121.0023496, 15.4542939], [121.0025475, 15.4543427], [121.0025915, 15.4545355], [121.0025255, 15.4548026], [121.002442, 15.454898], [121.002332, 15.4549064], [121.0021891, 15.4548874], [121.0020066, 15.4548789], [121.001923, 15.4549107], [121.0018108, 15.4549955], [121.0017471, 15.4550633], [121.0016877, 15.455201], [121.0016371, 15.4553007], [121.0015536, 15.4553515], [121.0014172, 15.4553367], [121.0013073, 15.4551905], [121.0013007, 15.4551078], [121.0012875, 15.4550167], [121.0012545, 15.4549276], [121.001105, 15.4547941], [121.0010588, 15.4547729], [121.0009334, 15.4547814], [121.0008873, 15.4547581], [121.0008653, 15.4546775], [121.0008939, 15.4545546], [121.0008873, 15.4544635], [121.0008279, 15.4543215], [121.0008367, 15.4541858], [121.0008125, 15.4540904], [121.0007289, 15.4539993], [121.0004892, 15.4539018], [121.0001198, 15.4535754], [120.9996646, 15.4532066], [120.9995569, 15.4531769], [120.9994821, 15.4532024], [120.9993172, 15.453285], [120.9990071, 15.4534927], [120.9987081, 15.4537365], [120.9985585, 15.4537852], [120.9983408, 15.453728], [120.9981118, 15.4536486], [120.997883, 15.4535659], [120.9975302, 15.4535567], [120.9974444, 15.4533545], [120.9972346, 15.4533912], [120.9970821, 15.4532993], [120.9971393, 15.4529777], [120.9969581, 15.4528398], [120.9970344, 15.4526377], [120.9969867, 15.4524263], [120.996796, 15.4524355], [120.9967007, 15.4525641], [120.9965386, 15.4525641], [120.9964909, 15.4520311], [120.995957, 15.451783], [120.9956423, 15.4515624], [120.9954611, 15.45159], [120.9951274, 15.4515532], [120.994336, 15.4513694], [120.9941072, 15.4512499], [120.9939356, 15.451011], [120.9934112, 15.450818], [120.9929821, 15.4506066], [120.9927914, 15.4502758], [120.9924958, 15.4506618], [120.9922479, 15.4505883], [120.9922098, 15.4503493], [120.9918761, 15.4503034], [120.9918665, 15.4505055], [120.9916758, 15.4505791], [120.9913993, 15.450432], [120.9913707, 15.4506526], [120.99118, 15.4506342], [120.991018, 15.4504872], [120.9908082, 15.4505515], [120.990751, 15.4506618], [120.9905794, 15.451011], [120.9903887, 15.4510386], [120.9901598, 15.451204], [120.9899405, 15.4509283], [120.9895496, 15.4510478], [120.9893398, 15.4509191], [120.9891873, 15.4509283], [120.988968, 15.4507721], [120.9888345, 15.4508823], [120.9886247, 15.4509834], [120.9885484, 15.4507904], [120.9883292, 15.4507353], [120.988024, 15.450864], [120.9877094, 15.450818], [120.9876617, 15.4506066], [120.9875664, 15.4505239], [120.9875378, 15.4506985], [120.9874233, 15.4507353], [120.987328, 15.4505883], [120.987185, 15.4503677], [120.9869943, 15.4505791], [120.9868227, 15.4505607], [120.9865652, 15.4502206], [120.9862506, 15.4501196], [120.986098, 15.4502023], [120.9858692, 15.450285], [120.9856976, 15.4501379], [120.9853638, 15.4502206], [120.9852971, 15.4500552], [120.9849825, 15.4500001], [120.9848299, 15.4501839], [120.9841815, 15.4500185], [120.9838383, 15.4501655], [120.983886, 15.4503217], [120.9838097, 15.4504412], [120.9835332, 15.4503677], [120.9835046, 15.4501104], [120.9835713, 15.4500185], [120.9835618, 15.4498347], [120.9832757, 15.4498347], [120.9830088, 15.4499358], [120.9828276, 15.4496968], [120.982656, 15.4497428], [120.982656, 15.4496325], [120.9827704, 15.4494395], [120.9825034, 15.4493016], [120.9822555, 15.4491178], [120.9819599, 15.4488329], [120.9817883, 15.4489064], [120.9816071, 15.4490535], [120.9811972, 15.4492281], [120.9807967, 15.4493568], [120.980482, 15.4496325], [120.9801579, 15.4496325], [120.9798814, 15.4494762], [120.979643, 15.4494762], [120.979233, 15.4494487], [120.9785656, 15.4491086], [120.9784572, 15.4490738], [120.9781246, 15.4489669], [120.9779935, 15.4489248], [120.97745, 15.4488145], [120.9772974, 15.4488973], [120.9771926, 15.4488237], [120.977164, 15.4484929], [120.9768398, 15.4484929], [120.9767254, 15.4487318], [120.9766586, 15.4489616], [120.9762486, 15.4489248], [120.9761533, 15.4487686], [120.975953, 15.4487502], [120.9757814, 15.4488329], [120.9755812, 15.4488789], [120.975524, 15.4490903], [120.9754096, 15.4490811], [120.9754763, 15.4493476], [120.9754858, 15.4495865], [120.9751903, 15.4495865], [120.9750663, 15.4494027], [120.9748756, 15.4495498], [120.9750377, 15.4498622], [120.9749328, 15.4499449], [120.974704, 15.4498439], [120.9745133, 15.4501196], [120.9744847, 15.4506434], [120.9743512, 15.4506985], [120.9742368, 15.4509834], [120.9741319, 15.4510753], [120.9739603, 15.4509651], [120.97376, 15.4509742], [120.9735694, 15.4508548], [120.973474, 15.4508548], [120.973207, 15.4507996], [120.9731498, 15.4505515], [120.9729973, 15.4505515], [120.9727398, 15.4507721], [120.9726063, 15.4507721], [120.972511, 15.4509191], [120.9723584, 15.4509283], [120.9722345, 15.4509007], [120.9723489, 15.4511672], [120.9721105, 15.4512499], [120.9717291, 15.4510753], [120.9715289, 15.4511397], [120.9715766, 15.4513235], [120.9715014, 15.4514606], [120.9714076, 15.451471], [120.971252, 15.4513546], [120.9711286, 15.4512434], [120.9710106, 15.4512512], [120.970906, 15.4513158], [120.9707397, 15.4513443], [120.9705975, 15.4513133], [120.9704742, 15.4512952], [120.9703615, 15.4514012], [120.9702515, 15.4515278], [120.9701416, 15.4515744], [120.9700557, 15.4515408], [120.9700021, 15.4514425], [120.9698814, 15.4513831], [120.9697741, 15.4513624], [120.969648, 15.4514167], [120.9695649, 15.451471], [120.9694844, 15.4513908], [120.9694898, 15.4512693], [120.9696158, 15.4511452], [120.9696266, 15.4510599], [120.9695086, 15.4510444], [120.9694147, 15.4511245], [120.969302, 15.451184], [120.9692001, 15.4511762], [120.9691116, 15.4512176], [120.9690982, 15.4513184], [120.9690483, 15.451469], [120.9690292, 15.4514596], [120.968922, 15.4513665], [120.9688863, 15.451184], [120.9687575, 15.4507884], [120.9687119, 15.4504911], [120.9684223, 15.4503205], [120.9681675, 15.4501576], [120.967951, 15.4500454], [120.9678858, 15.4498474], [120.9678107, 15.449669], [120.9675755, 15.4496602], [120.967495, 15.4495335], [120.9672509, 15.4493035], [120.9670785, 15.4491106], [120.9669183, 15.4490656], [120.9666386, 15.4490072], [120.9662746, 15.4489648], [120.9661593, 15.4488484], [120.9659707, 15.4486918], [120.9657347, 15.448578], [120.9656213, 15.4484989], [120.9656738, 15.4482848], [120.9657704, 15.4480367], [120.965875, 15.4477781], [120.9659072, 15.4475274], [120.9659393, 15.4473671], [120.9659608, 15.4471938], [120.9658152, 15.4469932], [120.9656684, 15.4469482], [120.9655282, 15.447076], [120.9654485, 15.447018], [120.9654163, 15.4468759], [120.9654646, 15.4465604], [120.9652205, 15.4464338], [120.9650784, 15.4463303], [120.9650408, 15.4461287], [120.9651025, 15.4459684], [120.9651419, 15.4457393], [120.9650569, 15.4455832], [120.9648906, 15.4454151], [120.9649389, 15.4452135], [120.965048, 15.445124], [120.9650189, 15.445068], [120.9650051, 15.4450413], [120.9646868, 15.4450325], [120.9645607, 15.4448877], [120.964499, 15.4447662], [120.9644695, 15.4445568], [120.9644749, 15.4444017], [120.9643837, 15.4443293], [120.9642013, 15.444213], [120.964171, 15.4439865], [120.9641039, 15.4438081], [120.9639709, 15.4437886], [120.9638625, 15.4438314], [120.9637104, 15.4439208], [120.9635602, 15.44382], [120.9634476, 15.4437062], [120.9635978, 15.4435356], [120.9635889, 15.4434099], [120.9634637, 15.4433701], [120.9633073, 15.4433815], [120.9631472, 15.4433443], [120.9629353, 15.4433132], [120.9627877, 15.4433081], [120.9627368, 15.4431892], [120.9627521, 15.443017], [120.9627092, 15.4429368], [120.9626394, 15.4429136], [120.9624704, 15.4429342], [120.9623149, 15.4430557], [120.962144, 15.4431581], [120.9618777, 15.443048], [120.9616738, 15.4430325], [120.9614539, 15.4430945], [120.961309, 15.4430945], [120.9611079, 15.4429808], [120.9609282, 15.4428825], [120.9608021, 15.4428593], [120.9606278, 15.4430221], [120.9606197, 15.4431566], [120.9604033, 15.4433132], [120.9602128, 15.4433417], [120.9600465, 15.4432072], [120.9599223, 15.443048], [120.9596863, 15.4430532], [120.9594672, 15.4431064], [120.9592974, 15.4430919], [120.959148, 15.4429849], [120.9590005, 15.4427858], [120.9588127, 15.4426255], [120.9586402, 15.4425206], [120.9583862, 15.4424678], [120.9580663, 15.4423939], [120.9578337, 15.4423411], [120.9576728, 15.442261], [120.9576808, 15.4421007], [120.9576907, 15.4418794], [120.9574949, 15.4418044], [120.9572616, 15.4417812], [120.9571007, 15.4418096], [120.9569585, 15.4417424], [120.956811, 15.4415976], [120.9566098, 15.4415226], [120.9564221, 15.4415511], [120.9562853, 15.4414451], [120.9561163, 15.4412796], [120.9559607, 15.4410753], [120.9557622, 15.4410081], [120.9555289, 15.4409125], [120.9553626, 15.4408297], [120.955266, 15.4406048], [120.9552177, 15.4404368], [120.955089, 15.4403954], [120.9549549, 15.4404833], [120.9548396, 15.4405014], [120.9547591, 15.4402765], [120.9546625, 15.4400024], [120.9544184, 15.4398188], [120.9542092, 15.4396766], [120.9539678, 15.4396896], [120.9537425, 15.4396792], [120.9535172, 15.4394931], [120.9533912, 15.4393302], [120.9531793, 15.4392035], [120.9531605, 15.4390484], [120.9531095, 15.4386761], [120.9529459, 15.4383115], [120.952793, 15.4380969], [120.9526723, 15.437872], [120.9526401, 15.4376807], [120.9527018, 15.4374506], [120.952608, 15.4372205], [120.9523907, 15.4370188], [120.9520498, 15.43689], [120.952007, 15.4367529], [120.9519669, 15.4367034], [120.9519186, 15.4365715], [120.9518087, 15.4363414], [120.9516826, 15.4362587], [120.9514546, 15.4362665], [120.9512615, 15.4362871], [120.9510711, 15.4364449], [120.9508887, 15.4365095], [120.9506875, 15.4365043], [120.9505266, 15.4364474], [120.9504595, 15.4362846], [120.9502759, 15.4362075], [120.9500384, 15.4360906], [120.9498077, 15.4359459], [120.9495905, 15.4358088], [120.9493705, 15.4357597], [120.9492337, 15.4355658], [120.9490272, 15.4352711], [120.9487831, 15.4352193], [120.9486356, 15.4353202], [120.9485766, 15.4355503], [120.9485149, 15.4356977], [120.9482521, 15.4358166], [120.9481233, 15.4360234], [120.9479275, 15.436163], [120.9477237, 15.4362509], [120.9476271, 15.4364319], [120.947587, 15.4365779], [120.9476192, 15.4367796], [120.9476192, 15.4369347], [120.9476138, 15.4371002], [120.9475119, 15.4372708], [120.9473295, 15.4374052], [120.9470666, 15.4374621], [120.9468359, 15.4376845], [120.9464122, 15.4379016], [120.9463532, 15.4383412], [120.9461493, 15.4386204], [120.9459133, 15.4387135], [120.9455914, 15.4386514], [120.9454895, 15.4387859], [120.9453017, 15.4389513], [120.9450389, 15.4388014], [120.9449745, 15.4384963], [120.9447814, 15.4383308], [120.9445453, 15.438336], [120.944261, 15.438486], [120.944025, 15.4383722], [120.9435886, 15.4381788], [120.9433008, 15.4380361], [120.9431863, 15.4378013], [120.943138, 15.4375428], [120.9428966, 15.4374549], [120.9427, 15.4374208], [120.9424835, 15.4374807], [120.9421424, 15.4374529], [120.9417622, 15.437181], [120.9415449, 15.437165], [120.9414539, 15.4373885], [120.9416869, 15.4376589], [120.9417111, 15.4378037], [120.9416789, 15.4379048], [120.9414715, 15.4380102], [120.940978, 15.4381602], [120.9406561, 15.438155], [120.9403879, 15.438124], [120.9401251, 15.4383153], [120.9399588, 15.4385945], [120.9398193, 15.4387652], [120.9397435, 15.4388989], [120.9394722, 15.4389511], [120.9393637, 15.4388494], [120.939188, 15.4387204], [120.9390753, 15.4388002], [120.9390608, 15.4389658], [120.9392942, 15.4392575], [120.9391162, 15.4395639], [120.9384132, 15.4391484], [120.9383243, 15.4384542], [120.9380166, 15.4381542], [120.9376158, 15.4383253], [120.9373439, 15.4387401], [120.9368039, 15.43873], [120.9365393, 15.4378375], [120.9364993, 15.4375167], [120.9312675, 15.4399483], [120.924788, 15.4446395], [120.9241514, 15.4446687], [120.9234442, 15.4442499], [120.9157096, 15.4479548], [120.9104608, 15.447006], [120.9060734, 15.44795], [120.9029875, 15.4517099], [120.8924498, 15.4547316], [120.8910518, 15.4547267], [120.8889206, 15.454695], [120.8867243, 15.4545763], [120.883906, 15.4544044], [120.8831715, 15.4543244], [120.8830957, 15.4556069], [120.8800345, 15.4580638], [120.8808527, 15.4584438], [120.8813258, 15.4585008], [120.8815624, 15.4582253], [120.8817596, 15.4580828], [120.8820257, 15.4582538], [120.8823905, 15.4587383], [120.882982, 15.4589189], [120.8831594, 15.4591089], [120.8827749, 15.4598595], [120.8823905, 15.4603345], [120.8820257, 15.4605056], [120.8818384, 15.4605911], [120.8813061, 15.4608571], [120.8808329, 15.4606766], [120.8803105, 15.4608001], [120.8797584, 15.4608191], [120.8791374, 15.4612181], [120.879305, 15.4615982], [120.8794824, 15.4620447], [120.8798472, 15.4626433], [120.8797289, 15.4629948], [120.8799313, 15.4632712], [120.8750404, 15.4635411], [120.8711865, 15.4638804], [120.8703247, 15.4627222], [120.8683219, 15.462301], [120.8646136, 15.4608562], [120.8634302, 15.461521], [120.8619884, 15.4571901], [120.8618519, 15.4568044], [120.8620917, 15.4547811], [120.861836, 15.4540626], [120.860835, 15.4530601], [120.8593672, 15.452207], [120.8587354, 15.4516753], [120.8589714, 15.4510864], [120.8580412, 15.450395], [120.8567202, 15.4499855], [120.8551351, 15.4455076], [120.8549626, 15.4455533], [120.8548245, 15.4455787], [120.8547476, 15.4455152], [120.8547324, 15.4455026], [120.8546666, 15.4454836], [120.8544824, 15.4455216], [120.8543116, 15.4456469], [120.8540756, 15.4457931], [120.8539492, 15.4458459], [120.8538565, 15.4458987], [120.8537554, 15.4459556], [120.8536796, 15.445919], [120.853688, 15.4457891], [120.8536711, 15.4456916], [120.8535658, 15.4457038], [120.8534942, 15.4456753], [120.8534478, 15.4456022], [120.8534478, 15.4454398], [120.8534857, 15.445257], [120.853372, 15.4451474], [120.8534268, 15.4449768], [120.8533214, 15.4449037], [120.8532245, 15.444859], [120.8532034, 15.44479], [120.8531992, 15.4446519], [120.8531571, 15.4445869], [120.853077, 15.4445423], [120.8530181, 15.4445057], [120.8529422, 15.444262], [120.8528158, 15.4441808], [120.8526136, 15.4441199], [120.8524029, 15.4441483], [120.8522045, 15.4442236], [120.8521919, 15.4426492], [120.8525943, 15.4420948], [120.8527174, 15.4417962], [120.8528114, 15.4413367], [120.8528228, 15.4410264], [120.8527659, 15.4407129], [120.852613, 15.44039], [120.8514096, 15.439147]]]}}, {"type": "Feature", "properties": {"municipality": "San Fernando", "province": "Pampanga", "lat": 15.0283014, "lon": 120.6938038}, "geometry": {"type": "Polygon", "coordinates": [[[120.5942962, 15.1167816], [120.5943945, 15.1166172], [120.595119, 15.1169809], [120.6005443, 15.1197408], [120.6011373, 15.1200425], [120.6012362, 15.1199944], [120.6013714, 15.1198152], [120.6013997, 15.1196432], [120.6015462, 15.1194134], [120.601609, 15.1193337], [120.6019066, 15.1190376], [120.6020072, 15.118911], [120.6020808, 15.1188025], [120.6023281, 15.1185951], [120.6027214, 15.1182989], [120.6031391, 15.1179124], [120.603524, 15.1176426], [120.6035307, 15.1176379], [120.6034922, 15.1175936], [120.6034555, 15.1175424], [120.6034216, 15.1175048], [120.6033894, 15.1174764], [120.6033461, 15.1174479], [120.6032976, 15.1174212], [120.6031602, 15.1173481], [120.6029958, 15.1172817], [120.6028242, 15.1172212], [120.6028691, 15.1171879], [120.6029295, 15.1171329], [120.602984, 15.1170732], [120.603094, 15.1169527], [120.6031573, 15.1168833], [120.6032085, 15.1168206], [120.6033075, 15.1166995], [120.6033639, 15.1166027], [120.6034102, 15.1165202], [120.6034554, 15.1164395], [120.6035159, 15.1163085], [120.6035688, 15.1161842], [120.603698, 15.1158203], [120.6038352, 15.1153922], [120.6047844, 15.1124576], [120.6049785, 15.1118197], [120.6051752, 15.1111513], [120.60539, 15.1104612], [120.6057615, 15.1092297], [120.6062043, 15.1077776], [120.6062666, 15.1075892], [120.606502, 15.1069036], [120.6066401, 15.1065236], [120.6067561, 15.106175], [120.6068788, 15.1057953], [120.6071705, 15.1048891], [120.6073885, 15.1042713], [120.6075502, 15.1038185], [120.607658, 15.1035105], [120.6076755, 15.1034531], [120.6076793, 15.1034086], [120.6091076, 15.101272], [120.6091149, 15.1012612], [120.6083252, 15.0984142], [120.6076821, 15.09608], [120.607498, 15.0954473], [120.6075034, 15.0952298], [120.6077287, 15.0946653], [120.6080291, 15.0944063], [120.6073156, 15.0919098], [120.6064773, 15.0878708], [120.6066897, 15.0876911], [120.6068386, 15.0874772], [120.6070333, 15.0870191], [120.6070974, 15.086843], [120.6070679, 15.0867212], [120.6071042, 15.0864972], [120.6072155, 15.0863146], [120.607325, 15.086229], [120.6074247, 15.0860945], [120.6074852, 15.0859774], [120.6075568, 15.0858932], [120.6076704, 15.0858156], [120.607941, 15.0857449], [120.6080939, 15.0857035], [120.6081824, 15.0855934], [120.6082857, 15.0854134], [120.6083111, 15.0853603], [120.6083205, 15.0853085], [120.6083085, 15.0852502], [120.6082668, 15.0851873], [120.6082427, 15.0851389], [120.608236, 15.0850806], [120.6082461, 15.0850236], [120.6082709, 15.0849654], [120.608401, 15.084867], [120.6085096, 15.0847388], [120.6086035, 15.0845653], [120.6086706, 15.084384], [120.6087181, 15.0841513], [120.6087282, 15.0841017], [120.6087139, 15.0838848], [120.6087712, 15.0835125], [120.6087994, 15.0832426], [120.6087455, 15.0830142], [120.6087052, 15.0828437], [120.6086558, 15.0826424], [120.6086813, 15.0824222], [120.608916, 15.0820531], [120.6090474, 15.0818485], [120.6090742, 15.0817139], [120.6090367, 15.081517], [120.608983, 15.0814186], [120.6087604, 15.0813047], [120.6085002, 15.0812917], [120.6083956, 15.0812801], [120.6083259, 15.0812555], [120.6082897, 15.0812205], [120.6082615, 15.0811674], [120.6082615, 15.0811066], [120.6082967, 15.0810427], [120.6083406, 15.0810159], [120.6083715, 15.0809874], [120.6083634, 15.0809512], [120.6083715, 15.0809136], [120.6084345, 15.0808618], [120.6084734, 15.0808515], [120.6085391, 15.0808463], [120.6085888, 15.0808152], [120.6086344, 15.0807543], [120.6086799, 15.0806987], [120.6087041, 15.0805756], [120.6087816, 15.0805155], [120.6089079, 15.0804552], [120.609486, 15.0802856], [120.6096402, 15.0801911], [120.6096938, 15.0800421], [120.6096616, 15.0798893], [120.6095141, 15.0793532], [120.6094871, 15.0790281], [120.6094833, 15.0789816], [120.6096348, 15.0787977], [120.6097394, 15.078632], [120.6098628, 15.07836], [120.609946, 15.078101], [120.6100532, 15.077868], [120.6102447, 15.0774225], [120.6103342, 15.0772043], [120.6104234, 15.0770444], [120.6104851, 15.0769472], [120.6105602, 15.0768683], [120.6106594, 15.0768191], [120.6107855, 15.0767724], [120.6111851, 15.0766611], [120.6113192, 15.0766106], [120.6114091, 15.0765678], [120.611503, 15.0765173], [120.6115687, 15.0764617], [120.6116156, 15.0764358], [120.6116921, 15.0764383], [120.6119268, 15.0764927], [120.6120609, 15.0765173], [120.612136, 15.0765186], [120.6122446, 15.0765057], [120.6123117, 15.0764746], [120.6123586, 15.0764358], [120.6124096, 15.0763606], [120.6124726, 15.0762441], [120.612541, 15.0761133], [120.612608, 15.0759851], [120.6127314, 15.0758025], [120.6128535, 15.0756199], [120.6129152, 15.0755448], [120.6129849, 15.0754762], [120.6130144, 15.0754503], [120.6130479, 15.0754037], [120.6130519, 15.0753571], [120.6130278, 15.0752574], [120.6130171, 15.0751732], [120.6130184, 15.0751266], [120.6130251, 15.0750605], [120.6130439, 15.0749984], [120.6131566, 15.0747588], [120.6132759, 15.0745011], [120.6133255, 15.0744247], [120.6134127, 15.0743379], [120.6134945, 15.0742719], [120.6135495, 15.074202], [120.6136125, 15.0741087], [120.6137051, 15.0739352], [120.6137252, 15.0738277], [120.613744, 15.0737034], [120.6137547, 15.0735765], [120.6137064, 15.0725172], [120.6136715, 15.0722349], [120.6136635, 15.0720769], [120.6137091, 15.0719552], [120.6138673, 15.071748], [120.6141061, 15.0714968], [120.6141677, 15.071388], [120.6141946, 15.0712481], [120.6142455, 15.0710073], [120.6142884, 15.0709425], [120.6143582, 15.0709115], [120.6148785, 15.0709322], [120.6152272, 15.0709762], [120.6154713, 15.0709296], [120.6155893, 15.0708338], [120.615655, 15.0707392], [120.6156859, 15.0706654], [120.6156738, 15.0705463], [120.6156483, 15.0704414], [120.6156269, 15.0703158], [120.6156202, 15.0701617], [120.6156188, 15.0699635], [120.6156255, 15.0698159], [120.6156617, 15.0696579], [120.6157181, 15.0695504], [120.6158066, 15.0694507], [120.6159206, 15.0693665], [120.6161392, 15.069237], [120.6163001, 15.0691451], [120.6164423, 15.0690402], [120.6165522, 15.0689431], [120.6166287, 15.0688304], [120.6167172, 15.0687139], [120.6169076, 15.0684963], [120.6170069, 15.0683888], [120.6170847, 15.068337], [120.6171624, 15.0682917], [120.6172469, 15.0682205], [120.6173153, 15.068135], [120.6174146, 15.0680055], [120.6174964, 15.0679304], [120.6176412, 15.0678346], [120.6179859, 15.0676066], [120.6182876, 15.0674266], [120.6186269, 15.0672013], [120.6187074, 15.0671404], [120.6187972, 15.0670433], [120.6191084, 15.0666639], [120.6192036, 15.0665758], [120.6193243, 15.0664865], [120.6195134, 15.0664023], [120.6196824, 15.066322], [120.619728, 15.0661821], [120.6196985, 15.066019], [120.6196153, 15.065905], [120.6194168, 15.0658454], [120.6192559, 15.0657574], [120.619154, 15.0656123], [120.6190762, 15.0654026], [120.6190628, 15.0651876], [120.619095, 15.0650555], [120.6191667, 15.0648765], [120.6191835, 15.0646955], [120.6191727, 15.0644624], [120.6191754, 15.0641878], [120.619272, 15.0639055], [120.6194329, 15.0635869], [120.6195027, 15.0633979], [120.6195952, 15.0631583], [120.6196435, 15.0630314], [120.6197119, 15.0629122], [120.6197548, 15.0628527], [120.6198433, 15.0627698], [120.6198902, 15.0627374], [120.6199613, 15.0626973], [120.6200673, 15.0626675], [120.6201987, 15.0626532], [120.6203891, 15.0626183], [120.6204388, 15.0625872], [120.6205165, 15.0625289], [120.620766, 15.0622841], [120.6208733, 15.0621948], [120.6210101, 15.0620938], [120.6210691, 15.0620601], [120.621171, 15.062029], [120.6214057, 15.0620096], [120.621576, 15.0619759], [120.6217852, 15.0619099], [120.6219193, 15.0618387], [120.6220521, 15.0617363], [120.6221782, 15.0616405], [120.6224652, 15.0614152], [120.6226476, 15.0612365], [120.6227589, 15.0611186], [120.6228393, 15.0610254], [120.6228876, 15.0609943], [120.6229694, 15.0609787], [120.6230606, 15.0609736], [120.6231545, 15.0609904], [120.623239, 15.06105], [120.6232993, 15.0610811], [120.6233463, 15.0610824], [120.6234093, 15.0610707], [120.6235555, 15.0610085], [120.6237151, 15.0609567], [120.6239189, 15.0608751], [120.6241697, 15.0607482], [120.6244232, 15.06062], [120.624513, 15.060563], [120.6245707, 15.0605151], [120.6246337, 15.060405], [120.6246659, 15.0603299], [120.6247209, 15.0601396], [120.624788, 15.059922], [120.624855, 15.059808], [120.6249274, 15.0597329], [120.6251152, 15.059619], [120.6253244, 15.0594765], [120.6255041, 15.0593224], [120.6257549, 15.0590932], [120.6259976, 15.0588536], [120.6261532, 15.0587059], [120.62629, 15.0585428], [120.6263369, 15.0584819], [120.6263906, 15.058377], [120.6264174, 15.0583045], [120.6281105, 15.0593588], [120.6282922, 15.0594403], [120.6285779, 15.0596073], [120.6289561, 15.0598767], [120.6294362, 15.0602419], [120.629679, 15.0604154], [120.6302821, 15.0608528], [120.630363, 15.0609114], [120.6304814, 15.0609947], [120.6305961, 15.0610538], [120.6306451, 15.061079], [120.630963, 15.0612426], [120.6310061, 15.0612612], [120.6314788, 15.061498], [120.6316524, 15.061585], [120.6319606, 15.0617242], [120.6321713, 15.0618236], [120.6329895, 15.0622027], [120.6332033, 15.0618667], [120.6333497, 15.0616365], [120.6335278, 15.0613566], [120.6338269, 15.0608865], [120.6341224, 15.0604219], [120.6346585, 15.0596617], [120.6348276, 15.0594057], [120.6358784, 15.0591026], [120.6358732, 15.0590579], [120.6358804, 15.0590327], [120.6358964, 15.0590076], [120.6360358, 15.0588483], [120.6364533, 15.0583971], [120.6365067, 15.0583386], [120.6366247, 15.058211], [120.6366854, 15.0581415], [120.6370134, 15.0576866], [120.637774, 15.0573473], [120.6381791, 15.0569795], [120.6390065, 15.0563346], [120.639085, 15.0562796], [120.6391567, 15.0562355], [120.6391946, 15.0562187], [120.6392298, 15.0562116], [120.6393425, 15.0562134], [120.639545, 15.0562424], [120.640519, 15.0571741], [120.6405634, 15.0572166], [120.6406178, 15.0572141], [120.6406747, 15.057203], [120.6407479, 15.0571719], [120.6418084, 15.0566771], [120.6422914, 15.0564545], [120.6426732, 15.0562736], [120.6429921, 15.0561437], [120.6432764, 15.0560336], [120.6434823, 15.0559559], [120.6435829, 15.055919], [120.6436526, 15.0558995], [120.643713, 15.0558937], [120.6437646, 15.0559086], [120.6438189, 15.0559481], [120.6440495, 15.0561888], [120.6440728, 15.0562146], [120.6442816, 15.0564461], [120.6443439, 15.0565005], [120.6444063, 15.0565413], [120.6444774, 15.056571], [120.6445565, 15.0565924], [120.6446457, 15.0566112], [120.6447429, 15.0566222], [120.6448073, 15.0566306], [120.6449226, 15.0566254], [120.644999, 15.0565943], [120.6450667, 15.0565544], [120.6451646, 15.0564737], [120.6452696, 15.0563919], [120.645832, 15.0559868], [120.6462083, 15.0557272], [120.6462912, 15.0556742], [120.6464106, 15.0555959], [120.6468029, 15.0553621], [120.64695, 15.0552648], [120.6474644, 15.0549875], [120.64767, 15.0548846], [120.648099, 15.0546381], [120.6483173, 15.0545181], [120.6487197, 15.05425], [120.6488248, 15.0541823], [120.6493966, 15.0537545], [120.6494666, 15.0536766], [120.649597, 15.0535458], [120.6500892, 15.0530983], [120.650627, 15.0526113], [120.6508054, 15.0524508], [120.651023, 15.0522089], [120.6512308, 15.0520315], [120.6512929, 15.0519719], [120.6521585, 15.051249], [120.6524275, 15.0509904], [120.6526546, 15.0507865], [120.6527982, 15.0505897], [120.652831, 15.0505026], [120.6528698, 15.0503996], [120.6529738, 15.0501424], [120.6530855, 15.0498371], [120.6532207, 15.0494574], [120.6532871, 15.0493152], [120.6533217, 15.0492448], [120.6534405, 15.049005], [120.6534992, 15.0488816], [120.6535661, 15.0487634], [120.6538082, 15.0482671], [120.6538232, 15.0482364], [120.6539293, 15.0480313], [120.6539778, 15.04787], [120.6539788, 15.0477878], [120.6539769, 15.0477139], [120.6539758, 15.0476683], [120.6539684, 15.0476122], [120.6539115, 15.0472795], [120.6538899, 15.0471499], [120.6536405, 15.0460101], [120.6536268, 15.0459556], [120.6536071, 15.0458745], [120.6533622, 15.0448543], [120.6533461, 15.0447346], [120.6533631, 15.0446023], [120.6535398, 15.0439595], [120.6535975, 15.0437807], [120.6538604, 15.0433819], [120.6539802, 15.04319], [120.6541686, 15.0429247], [120.6542507, 15.0428313], [120.6544514, 15.0425962], [120.6545949, 15.0424504], [120.6551157, 15.0419216], [120.6552742, 15.0418105], [120.6554812, 15.0416956], [120.6556471, 15.0416317], [120.6558366, 15.0415989], [120.6565976, 15.0416634], [120.6567772, 15.0416706], [120.6569087, 15.0416632], [120.6570009, 15.0416472], [120.657096, 15.0416222], [120.6573598, 15.041553], [120.6576087, 15.041484], [120.6578464, 15.0414094], [120.6581549, 15.041286], [120.6590422, 15.0408322], [120.6593719, 15.0406545], [120.6595824, 15.040521], [120.6597538, 15.0403626], [120.659825, 15.040261], [120.6598793, 15.0401452], [120.6603109, 15.0392227], [120.6604425, 15.0389327], [120.660476, 15.0388589], [120.6605351, 15.038813], [120.6606096, 15.0387645], [120.6606869, 15.0387067], [120.6608196, 15.0385982], [120.6608812, 15.0385332], [120.6609315, 15.0384791], [120.6609556, 15.0384417], [120.6610262, 15.038342], [120.6611799, 15.0380176], [120.6611929, 15.0379956], [120.6612896, 15.0378293], [120.6613305, 15.0377658], [120.6616339, 15.0373885], [120.6619016, 15.0370571], [120.6620955, 15.0368256], [120.6622773, 15.0366102], [120.6624302, 15.0364284], [120.6625652, 15.036282], [120.6626879, 15.0361738], [120.6628153, 15.0360861], [120.6632937, 15.035781], [120.663499, 15.0356547], [120.6636761, 15.0355477], [120.663776, 15.035493], [120.6638382, 15.0354617], [120.6638964, 15.0354349], [120.664091, 15.0353504], [120.6641567, 15.0353212], [120.6642324, 15.0352818], [120.6648872, 15.0348463], [120.6649158, 15.0348277], [120.6654195, 15.0344868], [120.6655146, 15.0344088], [120.6656754, 15.0342563], [120.6658354, 15.0340899], [120.6660987, 15.0338276], [120.6662899, 15.0336209], [120.6664496, 15.0334078], [120.6667728, 15.032857], [120.6670331, 15.0323429], [120.6671758, 15.0320808], [120.6672148, 15.032007], [120.6672338, 15.0319716], [120.6672909, 15.0318326], [120.667313, 15.0317555], [120.6673253, 15.0317037], [120.66736, 15.031534], [120.6673884, 15.031345], [120.6674062, 15.031172], [120.6674126, 15.0309789], [120.6674124, 15.0309179], [120.667415, 15.0307964], [120.6674223, 15.0307149], [120.6674494, 15.0305945], [120.6675841, 15.0301651], [120.6677182, 15.0297638], [120.6679088, 15.0291846], [120.6679693, 15.0290174], [120.6680047, 15.0289196], [120.6681408, 15.028648], [120.6681757, 15.028586], [120.6682546, 15.0284502], [120.6685192, 15.02805], [120.6686823, 15.0278362], [120.6687601, 15.0277332], [120.6688232, 15.0276413], [120.6689764, 15.027432], [120.6691148, 15.0272429], [120.6693121, 15.0269273], [120.6695956, 15.0264626], [120.6698996, 15.0259651], [120.6701418, 15.0256444], [120.6709879, 15.0247163], [120.6711059, 15.0245981], [120.6713585, 15.0243461], [120.6714138, 15.0242897], [120.6716272, 15.0245374], [120.6718114, 15.0243962], [120.6715839, 15.0241129], [120.6716013, 15.0240948], [120.6717736, 15.0239201], [120.6724961, 15.0232084], [120.6725925, 15.0231162], [120.6729897, 15.0227038], [120.673103, 15.0225978], [120.6732087, 15.0224864], [120.6733227, 15.0223638], [120.6735154, 15.0221794], [120.6735867, 15.0221267], [120.6736658, 15.0220814], [120.6737947, 15.0220378], [120.6738406, 15.0220157], [120.673865, 15.0218337], [120.6740147, 15.0217635], [120.6740428, 15.0217046], [120.6740493, 15.0215446], [120.6740625, 15.021506], [120.6739915, 15.0213227], [120.6739765, 15.0211964], [120.6739178, 15.0210294], [120.6738892, 15.0208181], [120.6738551, 15.0206591], [120.6738113, 15.0202491], [120.6738346, 15.0198263], [120.6738608, 15.0195502], [120.6739563, 15.018513], [120.674116, 15.0180107], [120.67423, 15.0175869], [120.6743893, 15.0166936], [120.6771728, 15.0172541], [120.6774367, 15.0167128], [120.6790539, 15.0141857], [120.6795346, 15.0143471], [120.6798899, 15.0142261], [120.6816455, 15.0135801], [120.6828159, 15.0134993], [120.683234, 15.0102694], [120.6816455, 15.0095426], [120.6808095, 15.0072009], [120.6821471, 15.0051013], [120.6843208, 15.0045361], [120.6869125, 15.0040515], [120.6868289, 15.0055051], [120.6880829, 15.0054243], [120.6904238, 15.0049398], [120.6931229, 15.0074764], [120.6940173, 15.0066125], [120.6943263, 15.0063297], [120.6949524, 15.0057015], [120.6952217, 15.0052991], [120.6955543, 15.0053199], [120.6959191, 15.0053095], [120.696316, 15.0052681], [120.6967398, 15.0051489], [120.6968525, 15.0055219], [120.6993785, 15.012597], [120.7020391, 15.0117363], [120.7017282, 15.0127285], [120.7017282, 15.0132769], [120.7018904, 15.0137077], [120.7019715, 15.0141908], [120.7019715, 15.0146608], [120.7019986, 15.0147783], [120.7023432, 15.0148275], [120.7030922, 15.0149344], [120.7036025, 15.0135049], [120.7054518, 15.0139644], [120.7041389, 15.0154134], [120.7039754, 15.0155919], [120.7046485, 15.0161836], [120.70445, 15.0164116], [120.7045251, 15.0164686], [120.703581, 15.0175463], [120.7046646, 15.018396], [120.7050455, 15.0181421], [120.7056141, 15.0182872], [120.7060492, 15.0184688], [120.7065361, 15.0188243], [120.7067734, 15.0191007], [120.707616, 15.0193408], [120.7087326, 15.0194223], [120.7096032, 15.0193652], [120.7099923, 15.0192537], [120.7103383, 15.0190862], [120.7110485, 15.0187366], [120.7115978, 15.0182223], [120.7122079, 15.0181657], [120.7128406, 15.0184005], [120.7131557, 15.0182437], [120.7133051, 15.0178713], [120.7138899, 15.0171445], [120.714556, 15.0167976], [120.7150406, 15.016749], [120.7155922, 15.0168481], [120.7161386, 15.0168579], [120.7168443, 15.0168705], [120.7171473, 15.0169998], [120.7173225, 15.0171221], [120.7169556, 15.0178252], [120.716884, 15.018226], [120.7169045, 15.018531], [120.7169703, 15.0191231], [120.7170927, 15.019595], [120.7171846, 15.0198333], [120.7172821, 15.0199171], [120.7176919, 15.020219], [120.7183179, 15.0205647], [120.7186076, 15.0206321], [120.7191091, 15.020658], [120.7195544, 15.0208315], [120.7196912, 15.0210414], [120.719659, 15.0214429], [120.7197368, 15.0217305], [120.7202157, 15.0223514], [120.7203931, 15.022409], [120.7205538, 15.022392], [120.7210841, 15.0223394], [120.7215627, 15.0224428], [120.722337, 15.0226843], [120.7231215, 15.0232381], [120.724412, 15.0248042], [120.724648, 15.0251773], [120.7247768, 15.025571], [120.7247693, 15.0260902], [120.7246472, 15.0267267], [120.7245193, 15.0281822], [120.7246749, 15.0290267], [120.7247774, 15.029577], [120.7250048, 15.0300551], [120.7253706, 15.030398], [120.7258067, 15.0307312], [120.7261071, 15.0309592], [120.7266007, 15.0310628], [120.7270794, 15.0310835], [120.7274428, 15.0314939], [120.7275609, 15.0322674], [120.7275736, 15.0326475], [120.7275961, 15.0333233], [120.7278114, 15.0340933], [120.7277057, 15.0345273], [120.727419, 15.0347966], [120.7270646, 15.0350772], [120.7255909, 15.0361952], [120.7244309, 15.0370057], [120.7240222, 15.0375052], [120.7232569, 15.0382457], [120.7229188, 15.0386322], [120.7224747, 15.0390882], [120.7223552, 15.0392537], [120.7127182, 15.0420601], [120.7023028, 15.0488604], [120.7013292, 15.0498194], [120.7006626, 15.0505548], [120.7002739, 15.0510786], [120.7001387, 15.0512134], [120.7000928, 15.0512609], [120.7000137, 15.0513379], [120.6950166, 15.0563188], [120.6934892, 15.0556009], [120.6874333, 15.0626888], [120.6856939, 15.0615585], [120.6856209, 15.0615111], [120.685429, 15.0618026], [120.6843171, 15.0635233], [120.6839277, 15.0641397], [120.6833036, 15.0651277], [120.6822571, 15.0668524], [120.6816994, 15.0678541], [120.6809379, 15.0692055], [120.6804007, 15.0701959], [120.6800592, 15.0708241], [120.6799657, 15.0707851], [120.6797865, 15.0707105], [120.6789641, 15.0722811], [120.6780704, 15.0741916], [120.6773141, 15.0757956], [120.6766587, 15.0771916], [120.676135, 15.0783411], [120.6752684, 15.0803654], [120.6733609, 15.0851423], [120.6711229, 15.090319], [120.6699212, 15.092919], [120.6690951, 15.0946282], [120.6672283, 15.0982434], [120.6643315, 15.1033397], [120.6616922, 15.1076176], [120.6602889, 15.1080475], [120.6584221, 15.1078921], [120.6545275, 15.1083064], [120.654152, 15.1084825], [120.6533748, 15.1095619], [120.6530548, 15.1096948], [120.6526928, 15.1098962], [120.6522202, 15.1100689], [120.6503426, 15.1107389], [120.6505759, 15.1113325], [120.6504752, 15.1116421], [120.6500766, 15.1118808], [120.649597, 15.1122153], [120.6492428, 15.1145827], [120.6404536, 15.1227689], [120.6360902, 15.1222986], [120.6271638, 15.1251364], [120.628008, 15.1292452], [120.6225684, 15.1326625], [120.6204522, 15.1342393], [120.6188428, 15.1319634], [120.6163698, 15.1299853], [120.6149483, 15.1285249], [120.6153989, 15.1282039], [120.6141651, 15.1265882], [120.6152219, 15.125423], [120.6138807, 15.1239419], [120.6123519, 15.1251744], [120.6071377, 15.127743], [120.6043696, 15.1287217], [120.601241, 15.1249654], [120.5998602, 15.1233075], [120.5999654, 15.1228712], [120.5997285, 15.1227248], [120.5996857, 15.1226948], [120.5996311, 15.1226566], [120.5993124, 15.1224336], [120.5987166, 15.1220248], [120.5986476, 15.1218109], [120.5987995, 15.1214744], [120.5989382, 15.1212935], [120.5984618, 15.1212316], [120.5978971, 15.1210117], [120.5970686, 15.1201653], [120.5972287, 15.120002], [120.5974729, 15.1198141], [120.5963016, 15.1192544], [120.5966853, 15.118499], [120.5950587, 15.1177563], [120.5954145, 15.1172987], [120.5942962, 15.1167816]]]}}]}